,clf__alpha,clf__fit_intercept,clf__loss,clf__power_t,clf__shuffle,clf__tol,tfidf__smooth_idf,tfidf__sublinear_tf,tfidf__use_idf,vect__ngram_range,vect__stop_words,score
0,0.001,True,hinge,0.1,True,0.001,True,False,False,"(1, 1)","['de', 'en', 'van', 'ik', 'te', 'dat', 'die', 'in', 'een', 'hij', 'het', 'niet', 'zijn', 'is', 'was', 'op', 'aan', 'met', 'als', 'voor', 'had', 'er', 'maar', 'om', 'hem', 'dan', 'zou', 'of', 'wat', 'mijn', 'men', 'dit', 'zo', 'door', 'over', 'ze', 'zich', 'bij', 'ook', 'tot', 'je', 'mij', 'uit', 'der', 'daar', 'haar', 'naar', 'heb', 'hoe', 'heeft', 'hebben', 'deze', 'u', 'want', 'nog', 'zal', 'me', 'zij', 'nu', 'ge', 'geen', 'omdat', 'iets', 'worden', 'toch', 'al', 'waren', 'veel', 'meer', 'doen', 'toen', 'moet', 'ben', 'zonder', 'kan', 'hun', 'dus', 'alles', 'onder', 'ja', 'eens', 'hier', 'wie', 'werd', 'altijd', 'doch', 'wordt', 'wezen', 'kunnen', 'ons', 'zelf', 'tegen', 'na', 'reeds', 'wil', 'kon', 'niets', 'uw', 'iemand', 'geweest', 'andere']",0.9713124274099882
1,0.01,True,modified_huber,0.1,True,0.1,True,True,False,"(1, 1)","['de', 'en', 'van', 'ik', 'te', 'dat', 'die', 'in', 'een', 'hij', 'het', 'niet', 'zijn', 'is', 'was', 'op', 'aan', 'met', 'als', 'voor', 'had', 'er', 'maar', 'om', 'hem', 'dan', 'zou', 'of', 'wat', 'mijn', 'men', 'dit', 'zo', 'door', 'over', 'ze', 'zich', 'bij', 'ook', 'tot', 'je', 'mij', 'uit', 'der', 'daar', 'haar', 'naar', 'heb', 'hoe', 'heeft', 'hebben', 'deze', 'u', 'want', 'nog', 'zal', 'me', 'zij', 'nu', 'ge', 'geen', 'omdat', 'iets', 'worden', 'toch', 'al', 'waren', 'veel', 'meer', 'doen', 'toen', 'moet', 'ben', 'zonder', 'kan', 'hun', 'dus', 'alles', 'onder', 'ja', 'eens', 'hier', 'wie', 'werd', 'altijd', 'doch', 'wordt', 'wezen', 'kunnen', 'ons', 'zelf', 'tegen', 'na', 'reeds', 'wil', 'kon', 'niets', 'uw', 'iemand', 'geweest', 'andere']",0.9569105691056912
2,0.001,True,hinge,0.1,True,0.01,True,True,False,"(1, 1)","['de', 'en', 'van', 'ik', 'te', 'dat', 'die', 'in', 'een', 'hij', 'het', 'niet', 'zijn', 'is', 'was', 'op', 'aan', 'met', 'als', 'voor', 'had', 'er', 'maar', 'om', 'hem', 'dan', 'zou', 'of', 'wat', 'mijn', 'men', 'dit', 'zo', 'door', 'over', 'ze', 'zich', 'bij', 'ook', 'tot', 'je', 'mij', 'uit', 'der', 'daar', 'haar', 'naar', 'heb', 'hoe', 'heeft', 'hebben', 'deze', 'u', 'want', 'nog', 'zal', 'me', 'zij', 'nu', 'ge', 'geen', 'omdat', 'iets', 'worden', 'toch', 'al', 'waren', 'veel', 'meer', 'doen', 'toen', 'moet', 'ben', 'zonder', 'kan', 'hun', 'dus', 'alles', 'onder', 'ja', 'eens', 'hier', 'wie', 'werd', 'altijd', 'doch', 'wordt', 'wezen', 'kunnen', 'ons', 'zelf', 'tegen', 'na', 'reeds', 'wil', 'kon', 'niets', 'uw', 'iemand', 'geweest', 'andere']",0.9567944250871079
3,0.001,True,epsilon_insensitive,0.1,True,0.1,True,True,False,"(1, 1)","['de', 'en', 'van', 'ik', 'te', 'dat', 'die', 'in', 'een', 'hij', 'het', 'niet', 'zijn', 'is', 'was', 'op', 'aan', 'met', 'als', 'voor', 'had', 'er', 'maar', 'om', 'hem', 'dan', 'zou', 'of', 'wat', 'mijn', 'men', 'dit', 'zo', 'door', 'over', 'ze', 'zich', 'bij', 'ook', 'tot', 'je', 'mij', 'uit', 'der', 'daar', 'haar', 'naar', 'heb', 'hoe', 'heeft', 'hebben', 'deze', 'u', 'want', 'nog', 'zal', 'me', 'zij', 'nu', 'ge', 'geen', 'omdat', 'iets', 'worden', 'toch', 'al', 'waren', 'veel', 'meer', 'doen', 'toen', 'moet', 'ben', 'zonder', 'kan', 'hun', 'dus', 'alles', 'onder', 'ja', 'eens', 'hier', 'wie', 'werd', 'altijd', 'doch', 'wordt', 'wezen', 'kunnen', 'ons', 'zelf', 'tegen', 'na', 'reeds', 'wil', 'kon', 'niets', 'uw', 'iemand', 'geweest', 'andere']",0.9566782810685248
4,0.001,True,epsilon_insensitive,0.1,False,0.01,True,False,False,"(1, 1)","['de', 'en', 'van', 'ik', 'te', 'dat', 'die', 'in', 'een', 'hij', 'het', 'niet', 'zijn', 'is', 'was', 'op', 'aan', 'met', 'als', 'voor', 'had', 'er', 'maar', 'om', 'hem', 'dan', 'zou', 'of', 'wat', 'mijn', 'men', 'dit', 'zo', 'door', 'over', 'ze', 'zich', 'bij', 'ook', 'tot', 'je', 'mij', 'uit', 'der', 'daar', 'haar', 'naar', 'heb', 'hoe', 'heeft', 'hebben', 'deze', 'u', 'want', 'nog', 'zal', 'me', 'zij', 'nu', 'ge', 'geen', 'omdat', 'iets', 'worden', 'toch', 'al', 'waren', 'veel', 'meer', 'doen', 'toen', 'moet', 'ben', 'zonder', 'kan', 'hun', 'dus', 'alles', 'onder', 'ja', 'eens', 'hier', 'wie', 'werd', 'altijd', 'doch', 'wordt', 'wezen', 'kunnen', 'ons', 'zelf', 'tegen', 'na', 'reeds', 'wil', 'kon', 'niets', 'uw', 'iemand', 'geweest', 'andere']",0.9373983739837397
5,0.001,True,epsilon_insensitive,0.1,False,0.0001,True,True,False,"(1, 1)","['de', 'en', 'van', 'ik', 'te', 'dat', 'die', 'in', 'een', 'hij', 'het', 'niet', 'zijn', 'is', 'was', 'op', 'aan', 'met', 'als', 'voor', 'had', 'er', 'maar', 'om', 'hem', 'dan', 'zou', 'of', 'wat', 'mijn', 'men', 'dit', 'zo', 'door', 'over', 'ze', 'zich', 'bij', 'ook', 'tot', 'je', 'mij', 'uit', 'der', 'daar', 'haar', 'naar', 'heb', 'hoe', 'heeft', 'hebben', 'deze', 'u', 'want', 'nog', 'zal', 'me', 'zij', 'nu', 'ge', 'geen', 'omdat', 'iets', 'worden', 'toch', 'al', 'waren', 'veel', 'meer', 'doen', 'toen', 'moet', 'ben', 'zonder', 'kan', 'hun', 'dus', 'alles', 'onder', 'ja', 'eens', 'hier', 'wie', 'werd', 'altijd', 'doch', 'wordt', 'wezen', 'kunnen', 'ons', 'zelf', 'tegen', 'na', 'reeds', 'wil', 'kon', 'niets', 'uw', 'iemand', 'geweest', 'andere']",0.9520325203252031
6,0.001,True,hinge,0.1,False,1.0,True,True,False,"(1, 1)","['de', 'en', 'van', 'ik', 'te', 'dat', 'die', 'in', 'een', 'hij', 'het', 'niet', 'zijn', 'is', 'was', 'op', 'aan', 'met', 'als', 'voor', 'had', 'er', 'maar', 'om', 'hem', 'dan', 'zou', 'of', 'wat', 'mijn', 'men', 'dit', 'zo', 'door', 'over', 'ze', 'zich', 'bij', 'ook', 'tot', 'je', 'mij', 'uit', 'der', 'daar', 'haar', 'naar', 'heb', 'hoe', 'heeft', 'hebben', 'deze', 'u', 'want', 'nog', 'zal', 'me', 'zij', 'nu', 'ge', 'geen', 'omdat', 'iets', 'worden', 'toch', 'al', 'waren', 'veel', 'meer', 'doen', 'toen', 'moet', 'ben', 'zonder', 'kan', 'hun', 'dus', 'alles', 'onder', 'ja', 'eens', 'hier', 'wie', 'werd', 'altijd', 'doch', 'wordt', 'wezen', 'kunnen', 'ons', 'zelf', 'tegen', 'na', 'reeds', 'wil', 'kon', 'niets', 'uw', 'iemand', 'geweest', 'andere']",0.9663182346109176
7,0.001,True,modified_huber,0.1,False,1.0,True,False,False,"(1, 2)","['de', 'en', 'van', 'ik', 'te', 'dat', 'die', 'in', 'een', 'hij', 'het', 'niet', 'zijn', 'is', 'was', 'op', 'aan', 'met', 'als', 'voor', 'had', 'er', 'maar', 'om', 'hem', 'dan', 'zou', 'of', 'wat', 'mijn', 'men', 'dit', 'zo', 'door', 'over', 'ze', 'zich', 'bij', 'ook', 'tot', 'je', 'mij', 'uit', 'der', 'daar', 'haar', 'naar', 'heb', 'hoe', 'heeft', 'hebben', 'deze', 'u', 'want', 'nog', 'zal', 'me', 'zij', 'nu', 'ge', 'geen', 'omdat', 'iets', 'worden', 'toch', 'al', 'waren', 'veel', 'meer', 'doen', 'toen', 'moet', 'ben', 'zonder', 'kan', 'hun', 'dus', 'alles', 'onder', 'ja', 'eens', 'hier', 'wie', 'werd', 'altijd', 'doch', 'wordt', 'wezen', 'kunnen', 'ons', 'zelf', 'tegen', 'na', 'reeds', 'wil', 'kon', 'niets', 'uw', 'iemand', 'geweest', 'andere']",0.9564459930313589
8,0.001,True,hinge,0.1,True,0.0001,True,True,False,"(1, 1)","['de', 'en', 'van', 'ik', 'te', 'dat', 'die', 'in', 'een', 'hij', 'het', 'niet', 'zijn', 'is', 'was', 'op', 'aan', 'met', 'als', 'voor', 'had', 'er', 'maar', 'om', 'hem', 'dan', 'zou', 'of', 'wat', 'mijn', 'men', 'dit', 'zo', 'door', 'over', 'ze', 'zich', 'bij', 'ook', 'tot', 'je', 'mij', 'uit', 'der', 'daar', 'haar', 'naar', 'heb', 'hoe', 'heeft', 'hebben', 'deze', 'u', 'want', 'nog', 'zal', 'me', 'zij', 'nu', 'ge', 'geen', 'omdat', 'iets', 'worden', 'toch', 'al', 'waren', 'veel', 'meer', 'doen', 'toen', 'moet', 'ben', 'zonder', 'kan', 'hun', 'dus', 'alles', 'onder', 'ja', 'eens', 'hier', 'wie', 'werd', 'altijd', 'doch', 'wordt', 'wezen', 'kunnen', 'ons', 'zelf', 'tegen', 'na', 'reeds', 'wil', 'kon', 'niets', 'uw', 'iemand', 'geweest', 'andere']",0.9759581881533101
9,0.001,True,modified_huber,0.1,False,0.1,True,False,False,"(1, 2)","['de', 'en', 'van', 'ik', 'te', 'dat', 'die', 'in', 'een', 'hij', 'het', 'niet', 'zijn', 'is', 'was', 'op', 'aan', 'met', 'als', 'voor', 'had', 'er', 'maar', 'om', 'hem', 'dan', 'zou', 'of', 'wat', 'mijn', 'men', 'dit', 'zo', 'door', 'over', 'ze', 'zich', 'bij', 'ook', 'tot', 'je', 'mij', 'uit', 'der', 'daar', 'haar', 'naar', 'heb', 'hoe', 'heeft', 'hebben', 'deze', 'u', 'want', 'nog', 'zal', 'me', 'zij', 'nu', 'ge', 'geen', 'omdat', 'iets', 'worden', 'toch', 'al', 'waren', 'veel', 'meer', 'doen', 'toen', 'moet', 'ben', 'zonder', 'kan', 'hun', 'dus', 'alles', 'onder', 'ja', 'eens', 'hier', 'wie', 'werd', 'altijd', 'doch', 'wordt', 'wezen', 'kunnen', 'ons', 'zelf', 'tegen', 'na', 'reeds', 'wil', 'kon', 'niets', 'uw', 'iemand', 'geweest', 'andere']",0.9615563298490128
10,0.001,True,modified_huber,0.1,False,0.01,True,True,False,"(1, 1)","['de', 'en', 'van', 'ik', 'te', 'dat', 'die', 'in', 'een', 'hij', 'het', 'niet', 'zijn', 'is', 'was', 'op', 'aan', 'met', 'als', 'voor', 'had', 'er', 'maar', 'om', 'hem', 'dan', 'zou', 'of', 'wat', 'mijn', 'men', 'dit', 'zo', 'door', 'over', 'ze', 'zich', 'bij', 'ook', 'tot', 'je', 'mij', 'uit', 'der', 'daar', 'haar', 'naar', 'heb', 'hoe', 'heeft', 'hebben', 'deze', 'u', 'want', 'nog', 'zal', 'me', 'zij', 'nu', 'ge', 'geen', 'omdat', 'iets', 'worden', 'toch', 'al', 'waren', 'veel', 'meer', 'doen', 'toen', 'moet', 'ben', 'zonder', 'kan', 'hun', 'dus', 'alles', 'onder', 'ja', 'eens', 'hier', 'wie', 'werd', 'altijd', 'doch', 'wordt', 'wezen', 'kunnen', 'ons', 'zelf', 'tegen', 'na', 'reeds', 'wil', 'kon', 'niets', 'uw', 'iemand', 'geweest', 'andere']",0.9373983739837397
11,0.001,True,modified_huber,0.1,False,0.1,True,True,False,"(1, 1)","['de', 'en', 'van', 'ik', 'te', 'dat', 'die', 'in', 'een', 'hij', 'het', 'niet', 'zijn', 'is', 'was', 'op', 'aan', 'met', 'als', 'voor', 'had', 'er', 'maar', 'om', 'hem', 'dan', 'zou', 'of', 'wat', 'mijn', 'men', 'dit', 'zo', 'door', 'over', 'ze', 'zich', 'bij', 'ook', 'tot', 'je', 'mij', 'uit', 'der', 'daar', 'haar', 'naar', 'heb', 'hoe', 'heeft', 'hebben', 'deze', 'u', 'want', 'nog', 'zal', 'me', 'zij', 'nu', 'ge', 'geen', 'omdat', 'iets', 'worden', 'toch', 'al', 'waren', 'veel', 'meer', 'doen', 'toen', 'moet', 'ben', 'zonder', 'kan', 'hun', 'dus', 'alles', 'onder', 'ja', 'eens', 'hier', 'wie', 'werd', 'altijd', 'doch', 'wordt', 'wezen', 'kunnen', 'ons', 'zelf', 'tegen', 'na', 'reeds', 'wil', 'kon', 'niets', 'uw', 'iemand', 'geweest', 'andere']",0.9662020905923345
12,0.001,True,epsilon_insensitive,0.1,True,0.0001,True,True,False,"(1, 1)","['de', 'en', 'van', 'ik', 'te', 'dat', 'die', 'in', 'een', 'hij', 'het', 'niet', 'zijn', 'is', 'was', 'op', 'aan', 'met', 'als', 'voor', 'had', 'er', 'maar', 'om', 'hem', 'dan', 'zou', 'of', 'wat', 'mijn', 'men', 'dit', 'zo', 'door', 'over', 'ze', 'zich', 'bij', 'ook', 'tot', 'je', 'mij', 'uit', 'der', 'daar', 'haar', 'naar', 'heb', 'hoe', 'heeft', 'hebben', 'deze', 'u', 'want', 'nog', 'zal', 'me', 'zij', 'nu', 'ge', 'geen', 'omdat', 'iets', 'worden', 'toch', 'al', 'waren', 'veel', 'meer', 'doen', 'toen', 'moet', 'ben', 'zonder', 'kan', 'hun', 'dus', 'alles', 'onder', 'ja', 'eens', 'hier', 'wie', 'werd', 'altijd', 'doch', 'wordt', 'wezen', 'kunnen', 'ons', 'zelf', 'tegen', 'na', 'reeds', 'wil', 'kon', 'niets', 'uw', 'iemand', 'geweest', 'andere']",0.9708478513356562
13,0.001,True,epsilon_insensitive,0.1,False,0.0001,True,False,False,"(1, 1)","['de', 'en', 'van', 'ik', 'te', 'dat', 'die', 'in', 'een', 'hij', 'het', 'niet', 'zijn', 'is', 'was', 'op', 'aan', 'met', 'als', 'voor', 'had', 'er', 'maar', 'om', 'hem', 'dan', 'zou', 'of', 'wat', 'mijn', 'men', 'dit', 'zo', 'door', 'over', 'ze', 'zich', 'bij', 'ook', 'tot', 'je', 'mij', 'uit', 'der', 'daar', 'haar', 'naar', 'heb', 'hoe', 'heeft', 'hebben', 'deze', 'u', 'want', 'nog', 'zal', 'me', 'zij', 'nu', 'ge', 'geen', 'omdat', 'iets', 'worden', 'toch', 'al', 'waren', 'veel', 'meer', 'doen', 'toen', 'moet', 'ben', 'zonder', 'kan', 'hun', 'dus', 'alles', 'onder', 'ja', 'eens', 'hier', 'wie', 'werd', 'altijd', 'doch', 'wordt', 'wezen', 'kunnen', 'ons', 'zelf', 'tegen', 'na', 'reeds', 'wil', 'kon', 'niets', 'uw', 'iemand', 'geweest', 'andere']",0.9564459930313589
14,0.001,True,hinge,0.1,True,0.001,True,False,False,"(1, 1)","['de', 'en', 'van', 'ik', 'te', 'dat', 'die', 'in', 'een', 'hij', 'het', 'niet', 'zijn', 'is', 'was', 'op', 'aan', 'met', 'als', 'voor', 'had', 'er', 'maar', 'om', 'hem', 'dan', 'zou', 'of', 'wat', 'mijn', 'men', 'dit', 'zo', 'door', 'over', 'ze', 'zich', 'bij', 'ook', 'tot', 'je', 'mij', 'uit', 'der', 'daar', 'haar', 'naar', 'heb', 'hoe', 'heeft', 'hebben', 'deze', 'u', 'want', 'nog', 'zal', 'me', 'zij', 'nu', 'ge', 'geen', 'omdat', 'iets', 'worden', 'toch', 'al', 'waren', 'veel', 'meer', 'doen', 'toen', 'moet', 'ben', 'zonder', 'kan', 'hun', 'dus', 'alles', 'onder', 'ja', 'eens', 'hier', 'wie', 'werd', 'altijd', 'doch', 'wordt', 'wezen', 'kunnen', 'ons', 'zelf', 'tegen', 'na', 'reeds', 'wil', 'kon', 'niets', 'uw', 'iemand', 'geweest', 'andere']",0.9519163763066203
15,0.001,True,epsilon_insensitive,0.1,True,0.001,True,True,False,"(1, 1)","['de', 'en', 'van', 'ik', 'te', 'dat', 'die', 'in', 'een', 'hij', 'het', 'niet', 'zijn', 'is', 'was', 'op', 'aan', 'met', 'als', 'voor', 'had', 'er', 'maar', 'om', 'hem', 'dan', 'zou', 'of', 'wat', 'mijn', 'men', 'dit', 'zo', 'door', 'over', 'ze', 'zich', 'bij', 'ook', 'tot', 'je', 'mij', 'uit', 'der', 'daar', 'haar', 'naar', 'heb', 'hoe', 'heeft', 'hebben', 'deze', 'u', 'want', 'nog', 'zal', 'me', 'zij', 'nu', 'ge', 'geen', 'omdat', 'iets', 'worden', 'toch', 'al', 'waren', 'veel', 'meer', 'doen', 'toen', 'moet', 'ben', 'zonder', 'kan', 'hun', 'dus', 'alles', 'onder', 'ja', 'eens', 'hier', 'wie', 'werd', 'altijd', 'doch', 'wordt', 'wezen', 'kunnen', 'ons', 'zelf', 'tegen', 'na', 'reeds', 'wil', 'kon', 'niets', 'uw', 'iemand', 'geweest', 'andere']",0.9713124274099882
16,0.001,True,hinge,0.1,True,0.0001,True,False,False,"(1, 1)","['de', 'en', 'van', 'ik', 'te', 'dat', 'die', 'in', 'een', 'hij', 'het', 'niet', 'zijn', 'is', 'was', 'op', 'aan', 'met', 'als', 'voor', 'had', 'er', 'maar', 'om', 'hem', 'dan', 'zou', 'of', 'wat', 'mijn', 'men', 'dit', 'zo', 'door', 'over', 'ze', 'zich', 'bij', 'ook', 'tot', 'je', 'mij', 'uit', 'der', 'daar', 'haar', 'naar', 'heb', 'hoe', 'heeft', 'hebben', 'deze', 'u', 'want', 'nog', 'zal', 'me', 'zij', 'nu', 'ge', 'geen', 'omdat', 'iets', 'worden', 'toch', 'al', 'waren', 'veel', 'meer', 'doen', 'toen', 'moet', 'ben', 'zonder', 'kan', 'hun', 'dus', 'alles', 'onder', 'ja', 'eens', 'hier', 'wie', 'werd', 'altijd', 'doch', 'wordt', 'wezen', 'kunnen', 'ons', 'zelf', 'tegen', 'na', 'reeds', 'wil', 'kon', 'niets', 'uw', 'iemand', 'geweest', 'andere']",0.9615563298490126
17,0.1,True,perceptron,0.1,True,0.001,True,True,False,"(1, 2)","['de', 'en', 'van', 'ik', 'te', 'dat', 'die', 'in', 'een', 'hij', 'het', 'niet', 'zijn', 'is', 'was', 'op', 'aan', 'met', 'als', 'voor', 'had', 'er', 'maar', 'om', 'hem', 'dan', 'zou', 'of', 'wat', 'mijn', 'men', 'dit', 'zo', 'door', 'over', 'ze', 'zich', 'bij', 'ook', 'tot', 'je', 'mij', 'uit', 'der', 'daar', 'haar', 'naar', 'heb', 'hoe', 'heeft', 'hebben', 'deze', 'u', 'want', 'nog', 'zal', 'me', 'zij', 'nu', 'ge', 'geen', 'omdat', 'iets', 'worden', 'toch', 'al', 'waren', 'veel', 'meer', 'doen', 'toen', 'moet', 'ben', 'zonder', 'kan', 'hun', 'dus', 'alles', 'onder', 'ja', 'eens', 'hier', 'wie', 'werd', 'altijd', 'doch', 'wordt', 'wezen', 'kunnen', 'ons', 'zelf', 'tegen', 'na', 'reeds', 'wil', 'kon', 'niets', 'uw', 'iemand', 'geweest', 'andere']",0.9519163763066203
18,0.001,True,modified_huber,0.1,True,1.0,True,True,False,"(1, 2)","['de', 'en', 'van', 'ik', 'te', 'dat', 'die', 'in', 'een', 'hij', 'het', 'niet', 'zijn', 'is', 'was', 'op', 'aan', 'met', 'als', 'voor', 'had', 'er', 'maar', 'om', 'hem', 'dan', 'zou', 'of', 'wat', 'mijn', 'men', 'dit', 'zo', 'door', 'over', 'ze', 'zich', 'bij', 'ook', 'tot', 'je', 'mij', 'uit', 'der', 'daar', 'haar', 'naar', 'heb', 'hoe', 'heeft', 'hebben', 'deze', 'u', 'want', 'nog', 'zal', 'me', 'zij', 'nu', 'ge', 'geen', 'omdat', 'iets', 'worden', 'toch', 'al', 'waren', 'veel', 'meer', 'doen', 'toen', 'moet', 'ben', 'zonder', 'kan', 'hun', 'dus', 'alles', 'onder', 'ja', 'eens', 'hier', 'wie', 'werd', 'altijd', 'doch', 'wordt', 'wezen', 'kunnen', 'ons', 'zelf', 'tegen', 'na', 'reeds', 'wil', 'kon', 'niets', 'uw', 'iemand', 'geweest', 'andere']",0.9662020905923345
19,0.001,True,modified_huber,0.1,False,1.0,True,True,False,"(1, 2)","['de', 'en', 'van', 'ik', 'te', 'dat', 'die', 'in', 'een', 'hij', 'het', 'niet', 'zijn', 'is', 'was', 'op', 'aan', 'met', 'als', 'voor', 'had', 'er', 'maar', 'om', 'hem', 'dan', 'zou', 'of', 'wat', 'mijn', 'men', 'dit', 'zo', 'door', 'over', 'ze', 'zich', 'bij', 'ook', 'tot', 'je', 'mij', 'uit', 'der', 'daar', 'haar', 'naar', 'heb', 'hoe', 'heeft', 'hebben', 'deze', 'u', 'want', 'nog', 'zal', 'me', 'zij', 'nu', 'ge', 'geen', 'omdat', 'iets', 'worden', 'toch', 'al', 'waren', 'veel', 'meer', 'doen', 'toen', 'moet', 'ben', 'zonder', 'kan', 'hun', 'dus', 'alles', 'onder', 'ja', 'eens', 'hier', 'wie', 'werd', 'altijd', 'doch', 'wordt', 'wezen', 'kunnen', 'ons', 'zelf', 'tegen', 'na', 'reeds', 'wil', 'kon', 'niets', 'uw', 'iemand', 'geweest', 'andere']",0.9614401858304298
20,0.001,True,epsilon_insensitive,0.1,False,0.001,True,False,False,"(1, 1)","['de', 'en', 'van', 'ik', 'te', 'dat', 'die', 'in', 'een', 'hij', 'het', 'niet', 'zijn', 'is', 'was', 'op', 'aan', 'met', 'als', 'voor', 'had', 'er', 'maar', 'om', 'hem', 'dan', 'zou', 'of', 'wat', 'mijn', 'men', 'dit', 'zo', 'door', 'over', 'ze', 'zich', 'bij', 'ook', 'tot', 'je', 'mij', 'uit', 'der', 'daar', 'haar', 'naar', 'heb', 'hoe', 'heeft', 'hebben', 'deze', 'u', 'want', 'nog', 'zal', 'me', 'zij', 'nu', 'ge', 'geen', 'omdat', 'iets', 'worden', 'toch', 'al', 'waren', 'veel', 'meer', 'doen', 'toen', 'moet', 'ben', 'zonder', 'kan', 'hun', 'dus', 'alles', 'onder', 'ja', 'eens', 'hier', 'wie', 'werd', 'altijd', 'doch', 'wordt', 'wezen', 'kunnen', 'ons', 'zelf', 'tegen', 'na', 'reeds', 'wil', 'kon', 'niets', 'uw', 'iemand', 'geweest', 'andere']",0.9758420441347271
21,0.01,True,perceptron,0.1,False,1.0,True,True,False,"(1, 2)","['de', 'en', 'van', 'ik', 'te', 'dat', 'die', 'in', 'een', 'hij', 'het', 'niet', 'zijn', 'is', 'was', 'op', 'aan', 'met', 'als', 'voor', 'had', 'er', 'maar', 'om', 'hem', 'dan', 'zou', 'of', 'wat', 'mijn', 'men', 'dit', 'zo', 'door', 'over', 'ze', 'zich', 'bij', 'ook', 'tot', 'je', 'mij', 'uit', 'der', 'daar', 'haar', 'naar', 'heb', 'hoe', 'heeft', 'hebben', 'deze', 'u', 'want', 'nog', 'zal', 'me', 'zij', 'nu', 'ge', 'geen', 'omdat', 'iets', 'worden', 'toch', 'al', 'waren', 'veel', 'meer', 'doen', 'toen', 'moet', 'ben', 'zonder', 'kan', 'hun', 'dus', 'alles', 'onder', 'ja', 'eens', 'hier', 'wie', 'werd', 'altijd', 'doch', 'wordt', 'wezen', 'kunnen', 'ons', 'zelf', 'tegen', 'na', 'reeds', 'wil', 'kon', 'niets', 'uw', 'iemand', 'geweest', 'andere']",0.956562137049942
22,0.001,True,perceptron,0.1,True,0.0001,True,True,False,"(1, 1)","['de', 'en', 'van', 'ik', 'te', 'dat', 'die', 'in', 'een', 'hij', 'het', 'niet', 'zijn', 'is', 'was', 'op', 'aan', 'met', 'als', 'voor', 'had', 'er', 'maar', 'om', 'hem', 'dan', 'zou', 'of', 'wat', 'mijn', 'men', 'dit', 'zo', 'door', 'over', 'ze', 'zich', 'bij', 'ook', 'tot', 'je', 'mij', 'uit', 'der', 'daar', 'haar', 'naar', 'heb', 'hoe', 'heeft', 'hebben', 'deze', 'u', 'want', 'nog', 'zal', 'me', 'zij', 'nu', 'ge', 'geen', 'omdat', 'iets', 'worden', 'toch', 'al', 'waren', 'veel', 'meer', 'doen', 'toen', 'moet', 'ben', 'zonder', 'kan', 'hun', 'dus', 'alles', 'onder', 'ja', 'eens', 'hier', 'wie', 'werd', 'altijd', 'doch', 'wordt', 'wezen', 'kunnen', 'ons', 'zelf', 'tegen', 'na', 'reeds', 'wil', 'kon', 'niets', 'uw', 'iemand', 'geweest', 'andere']",0.9615563298490126
23,0.001,True,hinge,0.1,True,0.001,True,False,False,"(1, 1)","['de', 'en', 'van', 'ik', 'te', 'dat', 'die', 'in', 'een', 'hij', 'het', 'niet', 'zijn', 'is', 'was', 'op', 'aan', 'met', 'als', 'voor', 'had', 'er', 'maar', 'om', 'hem', 'dan', 'zou', 'of', 'wat', 'mijn', 'men', 'dit', 'zo', 'door', 'over', 'ze', 'zich', 'bij', 'ook', 'tot', 'je', 'mij', 'uit', 'der', 'daar', 'haar', 'naar', 'heb', 'hoe', 'heeft', 'hebben', 'deze', 'u', 'want', 'nog', 'zal', 'me', 'zij', 'nu', 'ge', 'geen', 'omdat', 'iets', 'worden', 'toch', 'al', 'waren', 'veel', 'meer', 'doen', 'toen', 'moet', 'ben', 'zonder', 'kan', 'hun', 'dus', 'alles', 'onder', 'ja', 'eens', 'hier', 'wie', 'werd', 'altijd', 'doch', 'wordt', 'wezen', 'kunnen', 'ons', 'zelf', 'tegen', 'na', 'reeds', 'wil', 'kon', 'niets', 'uw', 'iemand', 'geweest', 'andere']",0.9565621370499418
24,0.001,True,modified_huber,0.1,False,0.001,True,True,False,"(1, 1)","['de', 'en', 'van', 'ik', 'te', 'dat', 'die', 'in', 'een', 'hij', 'het', 'niet', 'zijn', 'is', 'was', 'op', 'aan', 'met', 'als', 'voor', 'had', 'er', 'maar', 'om', 'hem', 'dan', 'zou', 'of', 'wat', 'mijn', 'men', 'dit', 'zo', 'door', 'over', 'ze', 'zich', 'bij', 'ook', 'tot', 'je', 'mij', 'uit', 'der', 'daar', 'haar', 'naar', 'heb', 'hoe', 'heeft', 'hebben', 'deze', 'u', 'want', 'nog', 'zal', 'me', 'zij', 'nu', 'ge', 'geen', 'omdat', 'iets', 'worden', 'toch', 'al', 'waren', 'veel', 'meer', 'doen', 'toen', 'moet', 'ben', 'zonder', 'kan', 'hun', 'dus', 'alles', 'onder', 'ja', 'eens', 'hier', 'wie', 'werd', 'altijd', 'doch', 'wordt', 'wezen', 'kunnen', 'ons', 'zelf', 'tegen', 'na', 'reeds', 'wil', 'kon', 'niets', 'uw', 'iemand', 'geweest', 'andere']",0.956910569105691
25,0.1,True,perceptron,0.1,False,0.001,True,False,False,"(1, 2)","['de', 'en', 'van', 'ik', 'te', 'dat', 'die', 'in', 'een', 'hij', 'het', 'niet', 'zijn', 'is', 'was', 'op', 'aan', 'met', 'als', 'voor', 'had', 'er', 'maar', 'om', 'hem', 'dan', 'zou', 'of', 'wat', 'mijn', 'men', 'dit', 'zo', 'door', 'over', 'ze', 'zich', 'bij', 'ook', 'tot', 'je', 'mij', 'uit', 'der', 'daar', 'haar', 'naar', 'heb', 'hoe', 'heeft', 'hebben', 'deze', 'u', 'want', 'nog', 'zal', 'me', 'zij', 'nu', 'ge', 'geen', 'omdat', 'iets', 'worden', 'toch', 'al', 'waren', 'veel', 'meer', 'doen', 'toen', 'moet', 'ben', 'zonder', 'kan', 'hun', 'dus', 'alles', 'onder', 'ja', 'eens', 'hier', 'wie', 'werd', 'altijd', 'doch', 'wordt', 'wezen', 'kunnen', 'ons', 'zelf', 'tegen', 'na', 'reeds', 'wil', 'kon', 'niets', 'uw', 'iemand', 'geweest', 'andere']",0.9664343786295007
26,0.001,True,epsilon_insensitive,0.1,True,0.0001,True,True,False,"(1, 2)","['de', 'en', 'van', 'ik', 'te', 'dat', 'die', 'in', 'een', 'hij', 'het', 'niet', 'zijn', 'is', 'was', 'op', 'aan', 'met', 'als', 'voor', 'had', 'er', 'maar', 'om', 'hem', 'dan', 'zou', 'of', 'wat', 'mijn', 'men', 'dit', 'zo', 'door', 'over', 'ze', 'zich', 'bij', 'ook', 'tot', 'je', 'mij', 'uit', 'der', 'daar', 'haar', 'naar', 'heb', 'hoe', 'heeft', 'hebben', 'deze', 'u', 'want', 'nog', 'zal', 'me', 'zij', 'nu', 'ge', 'geen', 'omdat', 'iets', 'worden', 'toch', 'al', 'waren', 'veel', 'meer', 'doen', 'toen', 'moet', 'ben', 'zonder', 'kan', 'hun', 'dus', 'alles', 'onder', 'ja', 'eens', 'hier', 'wie', 'werd', 'altijd', 'doch', 'wordt', 'wezen', 'kunnen', 'ons', 'zelf', 'tegen', 'na', 'reeds', 'wil', 'kon', 'niets', 'uw', 'iemand', 'geweest', 'andere']",0.9377468060394889
27,0.001,True,epsilon_insensitive,0.1,True,0.01,True,True,False,"(1, 1)","['de', 'en', 'van', 'ik', 'te', 'dat', 'die', 'in', 'een', 'hij', 'het', 'niet', 'zijn', 'is', 'was', 'op', 'aan', 'met', 'als', 'voor', 'had', 'er', 'maar', 'om', 'hem', 'dan', 'zou', 'of', 'wat', 'mijn', 'men', 'dit', 'zo', 'door', 'over', 'ze', 'zich', 'bij', 'ook', 'tot', 'je', 'mij', 'uit', 'der', 'daar', 'haar', 'naar', 'heb', 'hoe', 'heeft', 'hebben', 'deze', 'u', 'want', 'nog', 'zal', 'me', 'zij', 'nu', 'ge', 'geen', 'omdat', 'iets', 'worden', 'toch', 'al', 'waren', 'veel', 'meer', 'doen', 'toen', 'moet', 'ben', 'zonder', 'kan', 'hun', 'dus', 'alles', 'onder', 'ja', 'eens', 'hier', 'wie', 'werd', 'altijd', 'doch', 'wordt', 'wezen', 'kunnen', 'ons', 'zelf', 'tegen', 'na', 'reeds', 'wil', 'kon', 'niets', 'uw', 'iemand', 'geweest', 'andere']",0.9660859465737515
28,0.01,True,modified_huber,0.1,True,0.1,True,True,False,"(1, 1)","['de', 'en', 'van', 'ik', 'te', 'dat', 'die', 'in', 'een', 'hij', 'het', 'niet', 'zijn', 'is', 'was', 'op', 'aan', 'met', 'als', 'voor', 'had', 'er', 'maar', 'om', 'hem', 'dan', 'zou', 'of', 'wat', 'mijn', 'men', 'dit', 'zo', 'door', 'over', 'ze', 'zich', 'bij', 'ook', 'tot', 'je', 'mij', 'uit', 'der', 'daar', 'haar', 'naar', 'heb', 'hoe', 'heeft', 'hebben', 'deze', 'u', 'want', 'nog', 'zal', 'me', 'zij', 'nu', 'ge', 'geen', 'omdat', 'iets', 'worden', 'toch', 'al', 'waren', 'veel', 'meer', 'doen', 'toen', 'moet', 'ben', 'zonder', 'kan', 'hun', 'dus', 'alles', 'onder', 'ja', 'eens', 'hier', 'wie', 'werd', 'altijd', 'doch', 'wordt', 'wezen', 'kunnen', 'ons', 'zelf', 'tegen', 'na', 'reeds', 'wil', 'kon', 'niets', 'uw', 'iemand', 'geweest', 'andere']",0.9473867595818815
29,0.001,True,modified_huber,0.1,False,0.001,True,True,False,"(1, 1)","['de', 'en', 'van', 'ik', 'te', 'dat', 'die', 'in', 'een', 'hij', 'het', 'niet', 'zijn', 'is', 'was', 'op', 'aan', 'met', 'als', 'voor', 'had', 'er', 'maar', 'om', 'hem', 'dan', 'zou', 'of', 'wat', 'mijn', 'men', 'dit', 'zo', 'door', 'over', 'ze', 'zich', 'bij', 'ook', 'tot', 'je', 'mij', 'uit', 'der', 'daar', 'haar', 'naar', 'heb', 'hoe', 'heeft', 'hebben', 'deze', 'u', 'want', 'nog', 'zal', 'me', 'zij', 'nu', 'ge', 'geen', 'omdat', 'iets', 'worden', 'toch', 'al', 'waren', 'veel', 'meer', 'doen', 'toen', 'moet', 'ben', 'zonder', 'kan', 'hun', 'dus', 'alles', 'onder', 'ja', 'eens', 'hier', 'wie', 'werd', 'altijd', 'doch', 'wordt', 'wezen', 'kunnen', 'ons', 'zelf', 'tegen', 'na', 'reeds', 'wil', 'kon', 'niets', 'uw', 'iemand', 'geweest', 'andere']",0.9662020905923345
30,0.001,True,epsilon_insensitive,0.1,False,0.01,True,True,False,"(1, 1)","['de', 'en', 'van', 'ik', 'te', 'dat', 'die', 'in', 'een', 'hij', 'het', 'niet', 'zijn', 'is', 'was', 'op', 'aan', 'met', 'als', 'voor', 'had', 'er', 'maar', 'om', 'hem', 'dan', 'zou', 'of', 'wat', 'mijn', 'men', 'dit', 'zo', 'door', 'over', 'ze', 'zich', 'bij', 'ook', 'tot', 'je', 'mij', 'uit', 'der', 'daar', 'haar', 'naar', 'heb', 'hoe', 'heeft', 'hebben', 'deze', 'u', 'want', 'nog', 'zal', 'me', 'zij', 'nu', 'ge', 'geen', 'omdat', 'iets', 'worden', 'toch', 'al', 'waren', 'veel', 'meer', 'doen', 'toen', 'moet', 'ben', 'zonder', 'kan', 'hun', 'dus', 'alles', 'onder', 'ja', 'eens', 'hier', 'wie', 'werd', 'altijd', 'doch', 'wordt', 'wezen', 'kunnen', 'ons', 'zelf', 'tegen', 'na', 'reeds', 'wil', 'kon', 'niets', 'uw', 'iemand', 'geweest', 'andere']",0.9807200929152149
31,0.1,True,perceptron,0.1,False,0.001,True,False,False,"(1, 1)","['de', 'en', 'van', 'ik', 'te', 'dat', 'die', 'in', 'een', 'hij', 'het', 'niet', 'zijn', 'is', 'was', 'op', 'aan', 'met', 'als', 'voor', 'had', 'er', 'maar', 'om', 'hem', 'dan', 'zou', 'of', 'wat', 'mijn', 'men', 'dit', 'zo', 'door', 'over', 'ze', 'zich', 'bij', 'ook', 'tot', 'je', 'mij', 'uit', 'der', 'daar', 'haar', 'naar', 'heb', 'hoe', 'heeft', 'hebben', 'deze', 'u', 'want', 'nog', 'zal', 'me', 'zij', 'nu', 'ge', 'geen', 'omdat', 'iets', 'worden', 'toch', 'al', 'waren', 'veel', 'meer', 'doen', 'toen', 'moet', 'ben', 'zonder', 'kan', 'hun', 'dus', 'alles', 'onder', 'ja', 'eens', 'hier', 'wie', 'werd', 'altijd', 'doch', 'wordt', 'wezen', 'kunnen', 'ons', 'zelf', 'tegen', 'na', 'reeds', 'wil', 'kon', 'niets', 'uw', 'iemand', 'geweest', 'andere']",0.9665505226480835
32,0.001,True,epsilon_insensitive,0.1,True,0.1,True,True,False,"(1, 1)","['de', 'en', 'van', 'ik', 'te', 'dat', 'die', 'in', 'een', 'hij', 'het', 'niet', 'zijn', 'is', 'was', 'op', 'aan', 'met', 'als', 'voor', 'had', 'er', 'maar', 'om', 'hem', 'dan', 'zou', 'of', 'wat', 'mijn', 'men', 'dit', 'zo', 'door', 'over', 'ze', 'zich', 'bij', 'ook', 'tot', 'je', 'mij', 'uit', 'der', 'daar', 'haar', 'naar', 'heb', 'hoe', 'heeft', 'hebben', 'deze', 'u', 'want', 'nog', 'zal', 'me', 'zij', 'nu', 'ge', 'geen', 'omdat', 'iets', 'worden', 'toch', 'al', 'waren', 'veel', 'meer', 'doen', 'toen', 'moet', 'ben', 'zonder', 'kan', 'hun', 'dus', 'alles', 'onder', 'ja', 'eens', 'hier', 'wie', 'werd', 'altijd', 'doch', 'wordt', 'wezen', 'kunnen', 'ons', 'zelf', 'tegen', 'na', 'reeds', 'wil', 'kon', 'niets', 'uw', 'iemand', 'geweest', 'andere']",0.9520325203252031
33,0.001,True,epsilon_insensitive,0.1,True,0.01,True,False,False,"(1, 1)","['de', 'en', 'van', 'ik', 'te', 'dat', 'die', 'in', 'een', 'hij', 'het', 'niet', 'zijn', 'is', 'was', 'op', 'aan', 'met', 'als', 'voor', 'had', 'er', 'maar', 'om', 'hem', 'dan', 'zou', 'of', 'wat', 'mijn', 'men', 'dit', 'zo', 'door', 'over', 'ze', 'zich', 'bij', 'ook', 'tot', 'je', 'mij', 'uit', 'der', 'daar', 'haar', 'naar', 'heb', 'hoe', 'heeft', 'hebben', 'deze', 'u', 'want', 'nog', 'zal', 'me', 'zij', 'nu', 'ge', 'geen', 'omdat', 'iets', 'worden', 'toch', 'al', 'waren', 'veel', 'meer', 'doen', 'toen', 'moet', 'ben', 'zonder', 'kan', 'hun', 'dus', 'alles', 'onder', 'ja', 'eens', 'hier', 'wie', 'werd', 'altijd', 'doch', 'wordt', 'wezen', 'kunnen', 'ons', 'zelf', 'tegen', 'na', 'reeds', 'wil', 'kon', 'niets', 'uw', 'iemand', 'geweest', 'andere']",0.9469221835075494
34,0.001,True,modified_huber,0.1,False,0.01,True,False,False,"(1, 2)","['de', 'en', 'van', 'ik', 'te', 'dat', 'die', 'in', 'een', 'hij', 'het', 'niet', 'zijn', 'is', 'was', 'op', 'aan', 'met', 'als', 'voor', 'had', 'er', 'maar', 'om', 'hem', 'dan', 'zou', 'of', 'wat', 'mijn', 'men', 'dit', 'zo', 'door', 'over', 'ze', 'zich', 'bij', 'ook', 'tot', 'je', 'mij', 'uit', 'der', 'daar', 'haar', 'naar', 'heb', 'hoe', 'heeft', 'hebben', 'deze', 'u', 'want', 'nog', 'zal', 'me', 'zij', 'nu', 'ge', 'geen', 'omdat', 'iets', 'worden', 'toch', 'al', 'waren', 'veel', 'meer', 'doen', 'toen', 'moet', 'ben', 'zonder', 'kan', 'hun', 'dus', 'alles', 'onder', 'ja', 'eens', 'hier', 'wie', 'werd', 'altijd', 'doch', 'wordt', 'wezen', 'kunnen', 'ons', 'zelf', 'tegen', 'na', 'reeds', 'wil', 'kon', 'niets', 'uw', 'iemand', 'geweest', 'andere']",0.9662020905923345
35,0.001,True,modified_huber,0.1,False,1.0,True,True,False,"(1, 1)","['de', 'en', 'van', 'ik', 'te', 'dat', 'die', 'in', 'een', 'hij', 'het', 'niet', 'zijn', 'is', 'was', 'op', 'aan', 'met', 'als', 'voor', 'had', 'er', 'maar', 'om', 'hem', 'dan', 'zou', 'of', 'wat', 'mijn', 'men', 'dit', 'zo', 'door', 'over', 'ze', 'zich', 'bij', 'ook', 'tot', 'je', 'mij', 'uit', 'der', 'daar', 'haar', 'naar', 'heb', 'hoe', 'heeft', 'hebben', 'deze', 'u', 'want', 'nog', 'zal', 'me', 'zij', 'nu', 'ge', 'geen', 'omdat', 'iets', 'worden', 'toch', 'al', 'waren', 'veel', 'meer', 'doen', 'toen', 'moet', 'ben', 'zonder', 'kan', 'hun', 'dus', 'alles', 'onder', 'ja', 'eens', 'hier', 'wie', 'werd', 'altijd', 'doch', 'wordt', 'wezen', 'kunnen', 'ons', 'zelf', 'tegen', 'na', 'reeds', 'wil', 'kon', 'niets', 'uw', 'iemand', 'geweest', 'andere']",0.9564459930313589
36,0.001,True,hinge,0.1,True,0.1,True,True,False,"(1, 1)","['de', 'en', 'van', 'ik', 'te', 'dat', 'die', 'in', 'een', 'hij', 'het', 'niet', 'zijn', 'is', 'was', 'op', 'aan', 'met', 'als', 'voor', 'had', 'er', 'maar', 'om', 'hem', 'dan', 'zou', 'of', 'wat', 'mijn', 'men', 'dit', 'zo', 'door', 'over', 'ze', 'zich', 'bij', 'ook', 'tot', 'je', 'mij', 'uit', 'der', 'daar', 'haar', 'naar', 'heb', 'hoe', 'heeft', 'hebben', 'deze', 'u', 'want', 'nog', 'zal', 'me', 'zij', 'nu', 'ge', 'geen', 'omdat', 'iets', 'worden', 'toch', 'al', 'waren', 'veel', 'meer', 'doen', 'toen', 'moet', 'ben', 'zonder', 'kan', 'hun', 'dus', 'alles', 'onder', 'ja', 'eens', 'hier', 'wie', 'werd', 'altijd', 'doch', 'wordt', 'wezen', 'kunnen', 'ons', 'zelf', 'tegen', 'na', 'reeds', 'wil', 'kon', 'niets', 'uw', 'iemand', 'geweest', 'andere']",0.9615563298490128
37,0.001,True,epsilon_insensitive,0.1,True,0.01,True,True,False,"(1, 1)","['de', 'en', 'van', 'ik', 'te', 'dat', 'die', 'in', 'een', 'hij', 'het', 'niet', 'zijn', 'is', 'was', 'op', 'aan', 'met', 'als', 'voor', 'had', 'er', 'maar', 'om', 'hem', 'dan', 'zou', 'of', 'wat', 'mijn', 'men', 'dit', 'zo', 'door', 'over', 'ze', 'zich', 'bij', 'ook', 'tot', 'je', 'mij', 'uit', 'der', 'daar', 'haar', 'naar', 'heb', 'hoe', 'heeft', 'hebben', 'deze', 'u', 'want', 'nog', 'zal', 'me', 'zij', 'nu', 'ge', 'geen', 'omdat', 'iets', 'worden', 'toch', 'al', 'waren', 'veel', 'meer', 'doen', 'toen', 'moet', 'ben', 'zonder', 'kan', 'hun', 'dus', 'alles', 'onder', 'ja', 'eens', 'hier', 'wie', 'werd', 'altijd', 'doch', 'wordt', 'wezen', 'kunnen', 'ons', 'zelf', 'tegen', 'na', 'reeds', 'wil', 'kon', 'niets', 'uw', 'iemand', 'geweest', 'andere']",0.9663182346109176
38,0.1,True,perceptron,0.1,True,0.0001,True,True,False,"(1, 2)","['de', 'en', 'van', 'ik', 'te', 'dat', 'die', 'in', 'een', 'hij', 'het', 'niet', 'zijn', 'is', 'was', 'op', 'aan', 'met', 'als', 'voor', 'had', 'er', 'maar', 'om', 'hem', 'dan', 'zou', 'of', 'wat', 'mijn', 'men', 'dit', 'zo', 'door', 'over', 'ze', 'zich', 'bij', 'ook', 'tot', 'je', 'mij', 'uit', 'der', 'daar', 'haar', 'naar', 'heb', 'hoe', 'heeft', 'hebben', 'deze', 'u', 'want', 'nog', 'zal', 'me', 'zij', 'nu', 'ge', 'geen', 'omdat', 'iets', 'worden', 'toch', 'al', 'waren', 'veel', 'meer', 'doen', 'toen', 'moet', 'ben', 'zonder', 'kan', 'hun', 'dus', 'alles', 'onder', 'ja', 'eens', 'hier', 'wie', 'werd', 'altijd', 'doch', 'wordt', 'wezen', 'kunnen', 'ons', 'zelf', 'tegen', 'na', 'reeds', 'wil', 'kon', 'niets', 'uw', 'iemand', 'geweest', 'andere']",0.9615563298490128
39,0.001,True,perceptron,0.1,False,0.01,True,True,False,"(1, 1)","['de', 'en', 'van', 'ik', 'te', 'dat', 'die', 'in', 'een', 'hij', 'het', 'niet', 'zijn', 'is', 'was', 'op', 'aan', 'met', 'als', 'voor', 'had', 'er', 'maar', 'om', 'hem', 'dan', 'zou', 'of', 'wat', 'mijn', 'men', 'dit', 'zo', 'door', 'over', 'ze', 'zich', 'bij', 'ook', 'tot', 'je', 'mij', 'uit', 'der', 'daar', 'haar', 'naar', 'heb', 'hoe', 'heeft', 'hebben', 'deze', 'u', 'want', 'nog', 'zal', 'me', 'zij', 'nu', 'ge', 'geen', 'omdat', 'iets', 'worden', 'toch', 'al', 'waren', 'veel', 'meer', 'doen', 'toen', 'moet', 'ben', 'zonder', 'kan', 'hun', 'dus', 'alles', 'onder', 'ja', 'eens', 'hier', 'wie', 'werd', 'altijd', 'doch', 'wordt', 'wezen', 'kunnen', 'ons', 'zelf', 'tegen', 'na', 'reeds', 'wil', 'kon', 'niets', 'uw', 'iemand', 'geweest', 'andere']",0.9711962833914054
40,0.001,True,modified_huber,0.1,True,1.0,True,False,False,"(1, 1)","['de', 'en', 'van', 'ik', 'te', 'dat', 'die', 'in', 'een', 'hij', 'het', 'niet', 'zijn', 'is', 'was', 'op', 'aan', 'met', 'als', 'voor', 'had', 'er', 'maar', 'om', 'hem', 'dan', 'zou', 'of', 'wat', 'mijn', 'men', 'dit', 'zo', 'door', 'over', 'ze', 'zich', 'bij', 'ook', 'tot', 'je', 'mij', 'uit', 'der', 'daar', 'haar', 'naar', 'heb', 'hoe', 'heeft', 'hebben', 'deze', 'u', 'want', 'nog', 'zal', 'me', 'zij', 'nu', 'ge', 'geen', 'omdat', 'iets', 'worden', 'toch', 'al', 'waren', 'veel', 'meer', 'doen', 'toen', 'moet', 'ben', 'zonder', 'kan', 'hun', 'dus', 'alles', 'onder', 'ja', 'eens', 'hier', 'wie', 'werd', 'altijd', 'doch', 'wordt', 'wezen', 'kunnen', 'ons', 'zelf', 'tegen', 'na', 'reeds', 'wil', 'kon', 'niets', 'uw', 'iemand', 'geweest', 'andere']",0.9662020905923345
41,0.001,True,perceptron,0.1,False,0.001,True,True,False,"(1, 1)","['de', 'en', 'van', 'ik', 'te', 'dat', 'die', 'in', 'een', 'hij', 'het', 'niet', 'zijn', 'is', 'was', 'op', 'aan', 'met', 'als', 'voor', 'had', 'er', 'maar', 'om', 'hem', 'dan', 'zou', 'of', 'wat', 'mijn', 'men', 'dit', 'zo', 'door', 'over', 'ze', 'zich', 'bij', 'ook', 'tot', 'je', 'mij', 'uit', 'der', 'daar', 'haar', 'naar', 'heb', 'hoe', 'heeft', 'hebben', 'deze', 'u', 'want', 'nog', 'zal', 'me', 'zij', 'nu', 'ge', 'geen', 'omdat', 'iets', 'worden', 'toch', 'al', 'waren', 'veel', 'meer', 'doen', 'toen', 'moet', 'ben', 'zonder', 'kan', 'hun', 'dus', 'alles', 'onder', 'ja', 'eens', 'hier', 'wie', 'werd', 'altijd', 'doch', 'wordt', 'wezen', 'kunnen', 'ons', 'zelf', 'tegen', 'na', 'reeds', 'wil', 'kon', 'niets', 'uw', 'iemand', 'geweest', 'andere']",0.956678281068525
42,0.01,True,modified_huber,0.1,True,0.1,True,True,False,"(1, 1)","['de', 'en', 'van', 'ik', 'te', 'dat', 'die', 'in', 'een', 'hij', 'het', 'niet', 'zijn', 'is', 'was', 'op', 'aan', 'met', 'als', 'voor', 'had', 'er', 'maar', 'om', 'hem', 'dan', 'zou', 'of', 'wat', 'mijn', 'men', 'dit', 'zo', 'door', 'over', 'ze', 'zich', 'bij', 'ook', 'tot', 'je', 'mij', 'uit', 'der', 'daar', 'haar', 'naar', 'heb', 'hoe', 'heeft', 'hebben', 'deze', 'u', 'want', 'nog', 'zal', 'me', 'zij', 'nu', 'ge', 'geen', 'omdat', 'iets', 'worden', 'toch', 'al', 'waren', 'veel', 'meer', 'doen', 'toen', 'moet', 'ben', 'zonder', 'kan', 'hun', 'dus', 'alles', 'onder', 'ja', 'eens', 'hier', 'wie', 'werd', 'altijd', 'doch', 'wordt', 'wezen', 'kunnen', 'ons', 'zelf', 'tegen', 'na', 'reeds', 'wil', 'kon', 'niets', 'uw', 'iemand', 'geweest', 'andere']",0.9759581881533101
43,0.001,True,modified_huber,0.1,True,0.0001,True,True,False,"(1, 1)","['de', 'en', 'van', 'ik', 'te', 'dat', 'die', 'in', 'een', 'hij', 'het', 'niet', 'zijn', 'is', 'was', 'op', 'aan', 'met', 'als', 'voor', 'had', 'er', 'maar', 'om', 'hem', 'dan', 'zou', 'of', 'wat', 'mijn', 'men', 'dit', 'zo', 'door', 'over', 'ze', 'zich', 'bij', 'ook', 'tot', 'je', 'mij', 'uit', 'der', 'daar', 'haar', 'naar', 'heb', 'hoe', 'heeft', 'hebben', 'deze', 'u', 'want', 'nog', 'zal', 'me', 'zij', 'nu', 'ge', 'geen', 'omdat', 'iets', 'worden', 'toch', 'al', 'waren', 'veel', 'meer', 'doen', 'toen', 'moet', 'ben', 'zonder', 'kan', 'hun', 'dus', 'alles', 'onder', 'ja', 'eens', 'hier', 'wie', 'werd', 'altijd', 'doch', 'wordt', 'wezen', 'kunnen', 'ons', 'zelf', 'tegen', 'na', 'reeds', 'wil', 'kon', 'niets', 'uw', 'iemand', 'geweest', 'andere']",0.9421602787456445
44,0.001,True,perceptron,0.1,False,0.01,True,True,False,"(1, 2)","['de', 'en', 'van', 'ik', 'te', 'dat', 'die', 'in', 'een', 'hij', 'het', 'niet', 'zijn', 'is', 'was', 'op', 'aan', 'met', 'als', 'voor', 'had', 'er', 'maar', 'om', 'hem', 'dan', 'zou', 'of', 'wat', 'mijn', 'men', 'dit', 'zo', 'door', 'over', 'ze', 'zich', 'bij', 'ook', 'tot', 'je', 'mij', 'uit', 'der', 'daar', 'haar', 'naar', 'heb', 'hoe', 'heeft', 'hebben', 'deze', 'u', 'want', 'nog', 'zal', 'me', 'zij', 'nu', 'ge', 'geen', 'omdat', 'iets', 'worden', 'toch', 'al', 'waren', 'veel', 'meer', 'doen', 'toen', 'moet', 'ben', 'zonder', 'kan', 'hun', 'dus', 'alles', 'onder', 'ja', 'eens', 'hier', 'wie', 'werd', 'altijd', 'doch', 'wordt', 'wezen', 'kunnen', 'ons', 'zelf', 'tegen', 'na', 'reeds', 'wil', 'kon', 'niets', 'uw', 'iemand', 'geweest', 'andere']",0.9616724738675957
45,0.01,True,modified_huber,0.1,True,0.01,True,False,False,"(1, 1)","['de', 'en', 'van', 'ik', 'te', 'dat', 'die', 'in', 'een', 'hij', 'het', 'niet', 'zijn', 'is', 'was', 'op', 'aan', 'met', 'als', 'voor', 'had', 'er', 'maar', 'om', 'hem', 'dan', 'zou', 'of', 'wat', 'mijn', 'men', 'dit', 'zo', 'door', 'over', 'ze', 'zich', 'bij', 'ook', 'tot', 'je', 'mij', 'uit', 'der', 'daar', 'haar', 'naar', 'heb', 'hoe', 'heeft', 'hebben', 'deze', 'u', 'want', 'nog', 'zal', 'me', 'zij', 'nu', 'ge', 'geen', 'omdat', 'iets', 'worden', 'toch', 'al', 'waren', 'veel', 'meer', 'doen', 'toen', 'moet', 'ben', 'zonder', 'kan', 'hun', 'dus', 'alles', 'onder', 'ja', 'eens', 'hier', 'wie', 'werd', 'altijd', 'doch', 'wordt', 'wezen', 'kunnen', 'ons', 'zelf', 'tegen', 'na', 'reeds', 'wil', 'kon', 'niets', 'uw', 'iemand', 'geweest', 'andere']",0.9660859465737515
46,0.001,True,hinge,0.1,False,0.001,True,False,False,"(1, 2)","['de', 'en', 'van', 'ik', 'te', 'dat', 'die', 'in', 'een', 'hij', 'het', 'niet', 'zijn', 'is', 'was', 'op', 'aan', 'met', 'als', 'voor', 'had', 'er', 'maar', 'om', 'hem', 'dan', 'zou', 'of', 'wat', 'mijn', 'men', 'dit', 'zo', 'door', 'over', 'ze', 'zich', 'bij', 'ook', 'tot', 'je', 'mij', 'uit', 'der', 'daar', 'haar', 'naar', 'heb', 'hoe', 'heeft', 'hebben', 'deze', 'u', 'want', 'nog', 'zal', 'me', 'zij', 'nu', 'ge', 'geen', 'omdat', 'iets', 'worden', 'toch', 'al', 'waren', 'veel', 'meer', 'doen', 'toen', 'moet', 'ben', 'zonder', 'kan', 'hun', 'dus', 'alles', 'onder', 'ja', 'eens', 'hier', 'wie', 'werd', 'altijd', 'doch', 'wordt', 'wezen', 'kunnen', 'ons', 'zelf', 'tegen', 'na', 'reeds', 'wil', 'kon', 'niets', 'uw', 'iemand', 'geweest', 'andere']",0.9808362369337977
47,0.001,True,epsilon_insensitive,0.1,True,0.01,True,True,False,"(1, 1)","['de', 'en', 'van', 'ik', 'te', 'dat', 'die', 'in', 'een', 'hij', 'het', 'niet', 'zijn', 'is', 'was', 'op', 'aan', 'met', 'als', 'voor', 'had', 'er', 'maar', 'om', 'hem', 'dan', 'zou', 'of', 'wat', 'mijn', 'men', 'dit', 'zo', 'door', 'over', 'ze', 'zich', 'bij', 'ook', 'tot', 'je', 'mij', 'uit', 'der', 'daar', 'haar', 'naar', 'heb', 'hoe', 'heeft', 'hebben', 'deze', 'u', 'want', 'nog', 'zal', 'me', 'zij', 'nu', 'ge', 'geen', 'omdat', 'iets', 'worden', 'toch', 'al', 'waren', 'veel', 'meer', 'doen', 'toen', 'moet', 'ben', 'zonder', 'kan', 'hun', 'dus', 'alles', 'onder', 'ja', 'eens', 'hier', 'wie', 'werd', 'altijd', 'doch', 'wordt', 'wezen', 'kunnen', 'ons', 'zelf', 'tegen', 'na', 'reeds', 'wil', 'kon', 'niets', 'uw', 'iemand', 'geweest', 'andere']",0.9516840882694542
48,0.1,True,perceptron,0.1,True,1.0,True,True,False,"(1, 2)","['de', 'en', 'van', 'ik', 'te', 'dat', 'die', 'in', 'een', 'hij', 'het', 'niet', 'zijn', 'is', 'was', 'op', 'aan', 'met', 'als', 'voor', 'had', 'er', 'maar', 'om', 'hem', 'dan', 'zou', 'of', 'wat', 'mijn', 'men', 'dit', 'zo', 'door', 'over', 'ze', 'zich', 'bij', 'ook', 'tot', 'je', 'mij', 'uit', 'der', 'daar', 'haar', 'naar', 'heb', 'hoe', 'heeft', 'hebben', 'deze', 'u', 'want', 'nog', 'zal', 'me', 'zij', 'nu', 'ge', 'geen', 'omdat', 'iets', 'worden', 'toch', 'al', 'waren', 'veel', 'meer', 'doen', 'toen', 'moet', 'ben', 'zonder', 'kan', 'hun', 'dus', 'alles', 'onder', 'ja', 'eens', 'hier', 'wie', 'werd', 'altijd', 'doch', 'wordt', 'wezen', 'kunnen', 'ons', 'zelf', 'tegen', 'na', 'reeds', 'wil', 'kon', 'niets', 'uw', 'iemand', 'geweest', 'andere']",0.9426248548199767
49,0.001,True,epsilon_insensitive,0.1,True,0.0001,True,True,False,"(1, 1)","['de', 'en', 'van', 'ik', 'te', 'dat', 'die', 'in', 'een', 'hij', 'het', 'niet', 'zijn', 'is', 'was', 'op', 'aan', 'met', 'als', 'voor', 'had', 'er', 'maar', 'om', 'hem', 'dan', 'zou', 'of', 'wat', 'mijn', 'men', 'dit', 'zo', 'door', 'over', 'ze', 'zich', 'bij', 'ook', 'tot', 'je', 'mij', 'uit', 'der', 'daar', 'haar', 'naar', 'heb', 'hoe', 'heeft', 'hebben', 'deze', 'u', 'want', 'nog', 'zal', 'me', 'zij', 'nu', 'ge', 'geen', 'omdat', 'iets', 'worden', 'toch', 'al', 'waren', 'veel', 'meer', 'doen', 'toen', 'moet', 'ben', 'zonder', 'kan', 'hun', 'dus', 'alles', 'onder', 'ja', 'eens', 'hier', 'wie', 'werd', 'altijd', 'doch', 'wordt', 'wezen', 'kunnen', 'ons', 'zelf', 'tegen', 'na', 'reeds', 'wil', 'kon', 'niets', 'uw', 'iemand', 'geweest', 'andere']",0.9610917537746806
50,0.001,True,modified_huber,0.1,True,1.0,True,False,False,"(1, 1)","['de', 'en', 'van', 'ik', 'te', 'dat', 'die', 'in', 'een', 'hij', 'het', 'niet', 'zijn', 'is', 'was', 'op', 'aan', 'met', 'als', 'voor', 'had', 'er', 'maar', 'om', 'hem', 'dan', 'zou', 'of', 'wat', 'mijn', 'men', 'dit', 'zo', 'door', 'over', 'ze', 'zich', 'bij', 'ook', 'tot', 'je', 'mij', 'uit', 'der', 'daar', 'haar', 'naar', 'heb', 'hoe', 'heeft', 'hebben', 'deze', 'u', 'want', 'nog', 'zal', 'me', 'zij', 'nu', 'ge', 'geen', 'omdat', 'iets', 'worden', 'toch', 'al', 'waren', 'veel', 'meer', 'doen', 'toen', 'moet', 'ben', 'zonder', 'kan', 'hun', 'dus', 'alles', 'onder', 'ja', 'eens', 'hier', 'wie', 'werd', 'altijd', 'doch', 'wordt', 'wezen', 'kunnen', 'ons', 'zelf', 'tegen', 'na', 'reeds', 'wil', 'kon', 'niets', 'uw', 'iemand', 'geweest', 'andere']",0.9470383275261325
51,0.001,True,modified_huber,0.1,False,0.001,True,True,False,"(1, 2)","['de', 'en', 'van', 'ik', 'te', 'dat', 'die', 'in', 'een', 'hij', 'het', 'niet', 'zijn', 'is', 'was', 'op', 'aan', 'met', 'als', 'voor', 'had', 'er', 'maar', 'om', 'hem', 'dan', 'zou', 'of', 'wat', 'mijn', 'men', 'dit', 'zo', 'door', 'over', 'ze', 'zich', 'bij', 'ook', 'tot', 'je', 'mij', 'uit', 'der', 'daar', 'haar', 'naar', 'heb', 'hoe', 'heeft', 'hebben', 'deze', 'u', 'want', 'nog', 'zal', 'me', 'zij', 'nu', 'ge', 'geen', 'omdat', 'iets', 'worden', 'toch', 'al', 'waren', 'veel', 'meer', 'doen', 'toen', 'moet', 'ben', 'zonder', 'kan', 'hun', 'dus', 'alles', 'onder', 'ja', 'eens', 'hier', 'wie', 'werd', 'altijd', 'doch', 'wordt', 'wezen', 'kunnen', 'ons', 'zelf', 'tegen', 'na', 'reeds', 'wil', 'kon', 'niets', 'uw', 'iemand', 'geweest', 'andere']",0.9710801393728223
52,0.001,True,hinge,0.1,True,1.0,True,True,False,"(1, 1)","['de', 'en', 'van', 'ik', 'te', 'dat', 'die', 'in', 'een', 'hij', 'het', 'niet', 'zijn', 'is', 'was', 'op', 'aan', 'met', 'als', 'voor', 'had', 'er', 'maar', 'om', 'hem', 'dan', 'zou', 'of', 'wat', 'mijn', 'men', 'dit', 'zo', 'door', 'over', 'ze', 'zich', 'bij', 'ook', 'tot', 'je', 'mij', 'uit', 'der', 'daar', 'haar', 'naar', 'heb', 'hoe', 'heeft', 'hebben', 'deze', 'u', 'want', 'nog', 'zal', 'me', 'zij', 'nu', 'ge', 'geen', 'omdat', 'iets', 'worden', 'toch', 'al', 'waren', 'veel', 'meer', 'doen', 'toen', 'moet', 'ben', 'zonder', 'kan', 'hun', 'dus', 'alles', 'onder', 'ja', 'eens', 'hier', 'wie', 'werd', 'altijd', 'doch', 'wordt', 'wezen', 'kunnen', 'ons', 'zelf', 'tegen', 'na', 'reeds', 'wil', 'kon', 'niets', 'uw', 'iemand', 'geweest', 'andere']",0.9370499419279905
53,0.001,True,epsilon_insensitive,0.1,True,0.001,True,True,False,"(1, 1)","['de', 'en', 'van', 'ik', 'te', 'dat', 'die', 'in', 'een', 'hij', 'het', 'niet', 'zijn', 'is', 'was', 'op', 'aan', 'met', 'als', 'voor', 'had', 'er', 'maar', 'om', 'hem', 'dan', 'zou', 'of', 'wat', 'mijn', 'men', 'dit', 'zo', 'door', 'over', 'ze', 'zich', 'bij', 'ook', 'tot', 'je', 'mij', 'uit', 'der', 'daar', 'haar', 'naar', 'heb', 'hoe', 'heeft', 'hebben', 'deze', 'u', 'want', 'nog', 'zal', 'me', 'zij', 'nu', 'ge', 'geen', 'omdat', 'iets', 'worden', 'toch', 'al', 'waren', 'veel', 'meer', 'doen', 'toen', 'moet', 'ben', 'zonder', 'kan', 'hun', 'dus', 'alles', 'onder', 'ja', 'eens', 'hier', 'wie', 'werd', 'altijd', 'doch', 'wordt', 'wezen', 'kunnen', 'ons', 'zelf', 'tegen', 'na', 'reeds', 'wil', 'kon', 'niets', 'uw', 'iemand', 'geweest', 'andere']",0.9422764227642275
54,0.01,True,epsilon_insensitive,0.1,True,0.001,True,True,False,"(1, 1)","['de', 'en', 'van', 'ik', 'te', 'dat', 'die', 'in', 'een', 'hij', 'het', 'niet', 'zijn', 'is', 'was', 'op', 'aan', 'met', 'als', 'voor', 'had', 'er', 'maar', 'om', 'hem', 'dan', 'zou', 'of', 'wat', 'mijn', 'men', 'dit', 'zo', 'door', 'over', 'ze', 'zich', 'bij', 'ook', 'tot', 'je', 'mij', 'uit', 'der', 'daar', 'haar', 'naar', 'heb', 'hoe', 'heeft', 'hebben', 'deze', 'u', 'want', 'nog', 'zal', 'me', 'zij', 'nu', 'ge', 'geen', 'omdat', 'iets', 'worden', 'toch', 'al', 'waren', 'veel', 'meer', 'doen', 'toen', 'moet', 'ben', 'zonder', 'kan', 'hun', 'dus', 'alles', 'onder', 'ja', 'eens', 'hier', 'wie', 'werd', 'altijd', 'doch', 'wordt', 'wezen', 'kunnen', 'ons', 'zelf', 'tegen', 'na', 'reeds', 'wil', 'kon', 'niets', 'uw', 'iemand', 'geweest', 'andere']",0.9615563298490126
55,0.01,True,perceptron,0.1,False,0.0001,True,True,False,"(1, 2)","['de', 'en', 'van', 'ik', 'te', 'dat', 'die', 'in', 'een', 'hij', 'het', 'niet', 'zijn', 'is', 'was', 'op', 'aan', 'met', 'als', 'voor', 'had', 'er', 'maar', 'om', 'hem', 'dan', 'zou', 'of', 'wat', 'mijn', 'men', 'dit', 'zo', 'door', 'over', 'ze', 'zich', 'bij', 'ook', 'tot', 'je', 'mij', 'uit', 'der', 'daar', 'haar', 'naar', 'heb', 'hoe', 'heeft', 'hebben', 'deze', 'u', 'want', 'nog', 'zal', 'me', 'zij', 'nu', 'ge', 'geen', 'omdat', 'iets', 'worden', 'toch', 'al', 'waren', 'veel', 'meer', 'doen', 'toen', 'moet', 'ben', 'zonder', 'kan', 'hun', 'dus', 'alles', 'onder', 'ja', 'eens', 'hier', 'wie', 'werd', 'altijd', 'doch', 'wordt', 'wezen', 'kunnen', 'ons', 'zelf', 'tegen', 'na', 'reeds', 'wil', 'kon', 'niets', 'uw', 'iemand', 'geweest', 'andere']",0.956678281068525
56,0.01,True,modified_huber,0.1,False,0.0001,True,False,False,"(1, 1)","['de', 'en', 'van', 'ik', 'te', 'dat', 'die', 'in', 'een', 'hij', 'het', 'niet', 'zijn', 'is', 'was', 'op', 'aan', 'met', 'als', 'voor', 'had', 'er', 'maar', 'om', 'hem', 'dan', 'zou', 'of', 'wat', 'mijn', 'men', 'dit', 'zo', 'door', 'over', 'ze', 'zich', 'bij', 'ook', 'tot', 'je', 'mij', 'uit', 'der', 'daar', 'haar', 'naar', 'heb', 'hoe', 'heeft', 'hebben', 'deze', 'u', 'want', 'nog', 'zal', 'me', 'zij', 'nu', 'ge', 'geen', 'omdat', 'iets', 'worden', 'toch', 'al', 'waren', 'veel', 'meer', 'doen', 'toen', 'moet', 'ben', 'zonder', 'kan', 'hun', 'dus', 'alles', 'onder', 'ja', 'eens', 'hier', 'wie', 'werd', 'altijd', 'doch', 'wordt', 'wezen', 'kunnen', 'ons', 'zelf', 'tegen', 'na', 'reeds', 'wil', 'kon', 'niets', 'uw', 'iemand', 'geweest', 'andere']",0.9472706155632984
57,0.001,True,epsilon_insensitive,0.1,False,0.01,True,True,False,"(1, 1)","['de', 'en', 'van', 'ik', 'te', 'dat', 'die', 'in', 'een', 'hij', 'het', 'niet', 'zijn', 'is', 'was', 'op', 'aan', 'met', 'als', 'voor', 'had', 'er', 'maar', 'om', 'hem', 'dan', 'zou', 'of', 'wat', 'mijn', 'men', 'dit', 'zo', 'door', 'over', 'ze', 'zich', 'bij', 'ook', 'tot', 'je', 'mij', 'uit', 'der', 'daar', 'haar', 'naar', 'heb', 'hoe', 'heeft', 'hebben', 'deze', 'u', 'want', 'nog', 'zal', 'me', 'zij', 'nu', 'ge', 'geen', 'omdat', 'iets', 'worden', 'toch', 'al', 'waren', 'veel', 'meer', 'doen', 'toen', 'moet', 'ben', 'zonder', 'kan', 'hun', 'dus', 'alles', 'onder', 'ja', 'eens', 'hier', 'wie', 'werd', 'altijd', 'doch', 'wordt', 'wezen', 'kunnen', 'ons', 'zelf', 'tegen', 'na', 'reeds', 'wil', 'kon', 'niets', 'uw', 'iemand', 'geweest', 'andere']",0.9613240418118467
58,0.001,True,modified_huber,0.1,True,0.001,True,True,False,"(1, 1)","['de', 'en', 'van', 'ik', 'te', 'dat', 'die', 'in', 'een', 'hij', 'het', 'niet', 'zijn', 'is', 'was', 'op', 'aan', 'met', 'als', 'voor', 'had', 'er', 'maar', 'om', 'hem', 'dan', 'zou', 'of', 'wat', 'mijn', 'men', 'dit', 'zo', 'door', 'over', 'ze', 'zich', 'bij', 'ook', 'tot', 'je', 'mij', 'uit', 'der', 'daar', 'haar', 'naar', 'heb', 'hoe', 'heeft', 'hebben', 'deze', 'u', 'want', 'nog', 'zal', 'me', 'zij', 'nu', 'ge', 'geen', 'omdat', 'iets', 'worden', 'toch', 'al', 'waren', 'veel', 'meer', 'doen', 'toen', 'moet', 'ben', 'zonder', 'kan', 'hun', 'dus', 'alles', 'onder', 'ja', 'eens', 'hier', 'wie', 'werd', 'altijd', 'doch', 'wordt', 'wezen', 'kunnen', 'ons', 'zelf', 'tegen', 'na', 'reeds', 'wil', 'kon', 'niets', 'uw', 'iemand', 'geweest', 'andere']",0.9564459930313589
59,0.001,True,hinge,0.1,False,0.1,True,True,False,"(1, 1)","['de', 'en', 'van', 'ik', 'te', 'dat', 'die', 'in', 'een', 'hij', 'het', 'niet', 'zijn', 'is', 'was', 'op', 'aan', 'met', 'als', 'voor', 'had', 'er', 'maar', 'om', 'hem', 'dan', 'zou', 'of', 'wat', 'mijn', 'men', 'dit', 'zo', 'door', 'over', 'ze', 'zich', 'bij', 'ook', 'tot', 'je', 'mij', 'uit', 'der', 'daar', 'haar', 'naar', 'heb', 'hoe', 'heeft', 'hebben', 'deze', 'u', 'want', 'nog', 'zal', 'me', 'zij', 'nu', 'ge', 'geen', 'omdat', 'iets', 'worden', 'toch', 'al', 'waren', 'veel', 'meer', 'doen', 'toen', 'moet', 'ben', 'zonder', 'kan', 'hun', 'dus', 'alles', 'onder', 'ja', 'eens', 'hier', 'wie', 'werd', 'altijd', 'doch', 'wordt', 'wezen', 'kunnen', 'ons', 'zelf', 'tegen', 'na', 'reeds', 'wil', 'kon', 'niets', 'uw', 'iemand', 'geweest', 'andere']",0.9709639953542393
60,0.001,True,modified_huber,0.1,False,0.001,True,False,False,"(1, 1)","['de', 'en', 'van', 'ik', 'te', 'dat', 'die', 'in', 'een', 'hij', 'het', 'niet', 'zijn', 'is', 'was', 'op', 'aan', 'met', 'als', 'voor', 'had', 'er', 'maar', 'om', 'hem', 'dan', 'zou', 'of', 'wat', 'mijn', 'men', 'dit', 'zo', 'door', 'over', 'ze', 'zich', 'bij', 'ook', 'tot', 'je', 'mij', 'uit', 'der', 'daar', 'haar', 'naar', 'heb', 'hoe', 'heeft', 'hebben', 'deze', 'u', 'want', 'nog', 'zal', 'me', 'zij', 'nu', 'ge', 'geen', 'omdat', 'iets', 'worden', 'toch', 'al', 'waren', 'veel', 'meer', 'doen', 'toen', 'moet', 'ben', 'zonder', 'kan', 'hun', 'dus', 'alles', 'onder', 'ja', 'eens', 'hier', 'wie', 'werd', 'altijd', 'doch', 'wordt', 'wezen', 'kunnen', 'ons', 'zelf', 'tegen', 'na', 'reeds', 'wil', 'kon', 'niets', 'uw', 'iemand', 'geweest', 'andere']",0.9663182346109174
61,0.1,True,perceptron,0.1,True,1.0,True,True,False,"(1, 1)","['de', 'en', 'van', 'ik', 'te', 'dat', 'die', 'in', 'een', 'hij', 'het', 'niet', 'zijn', 'is', 'was', 'op', 'aan', 'met', 'als', 'voor', 'had', 'er', 'maar', 'om', 'hem', 'dan', 'zou', 'of', 'wat', 'mijn', 'men', 'dit', 'zo', 'door', 'over', 'ze', 'zich', 'bij', 'ook', 'tot', 'je', 'mij', 'uit', 'der', 'daar', 'haar', 'naar', 'heb', 'hoe', 'heeft', 'hebben', 'deze', 'u', 'want', 'nog', 'zal', 'me', 'zij', 'nu', 'ge', 'geen', 'omdat', 'iets', 'worden', 'toch', 'al', 'waren', 'veel', 'meer', 'doen', 'toen', 'moet', 'ben', 'zonder', 'kan', 'hun', 'dus', 'alles', 'onder', 'ja', 'eens', 'hier', 'wie', 'werd', 'altijd', 'doch', 'wordt', 'wezen', 'kunnen', 'ons', 'zelf', 'tegen', 'na', 'reeds', 'wil', 'kon', 'niets', 'uw', 'iemand', 'geweest', 'andere']",0.9711962833914054
62,0.001,True,perceptron,0.1,False,0.0001,True,False,False,"(1, 1)","['de', 'en', 'van', 'ik', 'te', 'dat', 'die', 'in', 'een', 'hij', 'het', 'niet', 'zijn', 'is', 'was', 'op', 'aan', 'met', 'als', 'voor', 'had', 'er', 'maar', 'om', 'hem', 'dan', 'zou', 'of', 'wat', 'mijn', 'men', 'dit', 'zo', 'door', 'over', 'ze', 'zich', 'bij', 'ook', 'tot', 'je', 'mij', 'uit', 'der', 'daar', 'haar', 'naar', 'heb', 'hoe', 'heeft', 'hebben', 'deze', 'u', 'want', 'nog', 'zal', 'me', 'zij', 'nu', 'ge', 'geen', 'omdat', 'iets', 'worden', 'toch', 'al', 'waren', 'veel', 'meer', 'doen', 'toen', 'moet', 'ben', 'zonder', 'kan', 'hun', 'dus', 'alles', 'onder', 'ja', 'eens', 'hier', 'wie', 'werd', 'altijd', 'doch', 'wordt', 'wezen', 'kunnen', 'ons', 'zelf', 'tegen', 'na', 'reeds', 'wil', 'kon', 'niets', 'uw', 'iemand', 'geweest', 'andere']",0.9469221835075494
63,0.001,True,epsilon_insensitive,0.1,False,0.1,True,True,False,"(1, 1)","['de', 'en', 'van', 'ik', 'te', 'dat', 'die', 'in', 'een', 'hij', 'het', 'niet', 'zijn', 'is', 'was', 'op', 'aan', 'met', 'als', 'voor', 'had', 'er', 'maar', 'om', 'hem', 'dan', 'zou', 'of', 'wat', 'mijn', 'men', 'dit', 'zo', 'door', 'over', 'ze', 'zich', 'bij', 'ook', 'tot', 'je', 'mij', 'uit', 'der', 'daar', 'haar', 'naar', 'heb', 'hoe', 'heeft', 'hebben', 'deze', 'u', 'want', 'nog', 'zal', 'me', 'zij', 'nu', 'ge', 'geen', 'omdat', 'iets', 'worden', 'toch', 'al', 'waren', 'veel', 'meer', 'doen', 'toen', 'moet', 'ben', 'zonder', 'kan', 'hun', 'dus', 'alles', 'onder', 'ja', 'eens', 'hier', 'wie', 'werd', 'altijd', 'doch', 'wordt', 'wezen', 'kunnen', 'ons', 'zelf', 'tegen', 'na', 'reeds', 'wil', 'kon', 'niets', 'uw', 'iemand', 'geweest', 'andere']",0.9614401858304298
64,0.001,True,epsilon_insensitive,0.1,False,0.0001,True,False,False,"(1, 1)","['de', 'en', 'van', 'ik', 'te', 'dat', 'die', 'in', 'een', 'hij', 'het', 'niet', 'zijn', 'is', 'was', 'op', 'aan', 'met', 'als', 'voor', 'had', 'er', 'maar', 'om', 'hem', 'dan', 'zou', 'of', 'wat', 'mijn', 'men', 'dit', 'zo', 'door', 'over', 'ze', 'zich', 'bij', 'ook', 'tot', 'je', 'mij', 'uit', 'der', 'daar', 'haar', 'naar', 'heb', 'hoe', 'heeft', 'hebben', 'deze', 'u', 'want', 'nog', 'zal', 'me', 'zij', 'nu', 'ge', 'geen', 'omdat', 'iets', 'worden', 'toch', 'al', 'waren', 'veel', 'meer', 'doen', 'toen', 'moet', 'ben', 'zonder', 'kan', 'hun', 'dus', 'alles', 'onder', 'ja', 'eens', 'hier', 'wie', 'werd', 'altijd', 'doch', 'wordt', 'wezen', 'kunnen', 'ons', 'zelf', 'tegen', 'na', 'reeds', 'wil', 'kon', 'niets', 'uw', 'iemand', 'geweest', 'andere']",0.9804878048780488
65,0.001,True,modified_huber,0.1,False,0.001,True,False,False,"(1, 1)","['de', 'en', 'van', 'ik', 'te', 'dat', 'die', 'in', 'een', 'hij', 'het', 'niet', 'zijn', 'is', 'was', 'op', 'aan', 'met', 'als', 'voor', 'had', 'er', 'maar', 'om', 'hem', 'dan', 'zou', 'of', 'wat', 'mijn', 'men', 'dit', 'zo', 'door', 'over', 'ze', 'zich', 'bij', 'ook', 'tot', 'je', 'mij', 'uit', 'der', 'daar', 'haar', 'naar', 'heb', 'hoe', 'heeft', 'hebben', 'deze', 'u', 'want', 'nog', 'zal', 'me', 'zij', 'nu', 'ge', 'geen', 'omdat', 'iets', 'worden', 'toch', 'al', 'waren', 'veel', 'meer', 'doen', 'toen', 'moet', 'ben', 'zonder', 'kan', 'hun', 'dus', 'alles', 'onder', 'ja', 'eens', 'hier', 'wie', 'werd', 'altijd', 'doch', 'wordt', 'wezen', 'kunnen', 'ons', 'zelf', 'tegen', 'na', 'reeds', 'wil', 'kon', 'niets', 'uw', 'iemand', 'geweest', 'andere']",0.9663182346109174
66,0.001,True,epsilon_insensitive,0.1,True,0.001,True,True,False,"(1, 1)","['de', 'en', 'van', 'ik', 'te', 'dat', 'die', 'in', 'een', 'hij', 'het', 'niet', 'zijn', 'is', 'was', 'op', 'aan', 'met', 'als', 'voor', 'had', 'er', 'maar', 'om', 'hem', 'dan', 'zou', 'of', 'wat', 'mijn', 'men', 'dit', 'zo', 'door', 'over', 'ze', 'zich', 'bij', 'ook', 'tot', 'je', 'mij', 'uit', 'der', 'daar', 'haar', 'naar', 'heb', 'hoe', 'heeft', 'hebben', 'deze', 'u', 'want', 'nog', 'zal', 'me', 'zij', 'nu', 'ge', 'geen', 'omdat', 'iets', 'worden', 'toch', 'al', 'waren', 'veel', 'meer', 'doen', 'toen', 'moet', 'ben', 'zonder', 'kan', 'hun', 'dus', 'alles', 'onder', 'ja', 'eens', 'hier', 'wie', 'werd', 'altijd', 'doch', 'wordt', 'wezen', 'kunnen', 'ons', 'zelf', 'tegen', 'na', 'reeds', 'wil', 'kon', 'niets', 'uw', 'iemand', 'geweest', 'andere']",0.9516840882694542
67,0.001,True,epsilon_insensitive,0.1,False,0.1,True,True,False,"(1, 1)","['de', 'en', 'van', 'ik', 'te', 'dat', 'die', 'in', 'een', 'hij', 'het', 'niet', 'zijn', 'is', 'was', 'op', 'aan', 'met', 'als', 'voor', 'had', 'er', 'maar', 'om', 'hem', 'dan', 'zou', 'of', 'wat', 'mijn', 'men', 'dit', 'zo', 'door', 'over', 'ze', 'zich', 'bij', 'ook', 'tot', 'je', 'mij', 'uit', 'der', 'daar', 'haar', 'naar', 'heb', 'hoe', 'heeft', 'hebben', 'deze', 'u', 'want', 'nog', 'zal', 'me', 'zij', 'nu', 'ge', 'geen', 'omdat', 'iets', 'worden', 'toch', 'al', 'waren', 'veel', 'meer', 'doen', 'toen', 'moet', 'ben', 'zonder', 'kan', 'hun', 'dus', 'alles', 'onder', 'ja', 'eens', 'hier', 'wie', 'werd', 'altijd', 'doch', 'wordt', 'wezen', 'kunnen', 'ons', 'zelf', 'tegen', 'na', 'reeds', 'wil', 'kon', 'niets', 'uw', 'iemand', 'geweest', 'andere']",0.9614401858304298
68,0.001,True,epsilon_insensitive,0.1,False,0.001,True,True,False,"(1, 1)","['de', 'en', 'van', 'ik', 'te', 'dat', 'die', 'in', 'een', 'hij', 'het', 'niet', 'zijn', 'is', 'was', 'op', 'aan', 'met', 'als', 'voor', 'had', 'er', 'maar', 'om', 'hem', 'dan', 'zou', 'of', 'wat', 'mijn', 'men', 'dit', 'zo', 'door', 'over', 'ze', 'zich', 'bij', 'ook', 'tot', 'je', 'mij', 'uit', 'der', 'daar', 'haar', 'naar', 'heb', 'hoe', 'heeft', 'hebben', 'deze', 'u', 'want', 'nog', 'zal', 'me', 'zij', 'nu', 'ge', 'geen', 'omdat', 'iets', 'worden', 'toch', 'al', 'waren', 'veel', 'meer', 'doen', 'toen', 'moet', 'ben', 'zonder', 'kan', 'hun', 'dus', 'alles', 'onder', 'ja', 'eens', 'hier', 'wie', 'werd', 'altijd', 'doch', 'wordt', 'wezen', 'kunnen', 'ons', 'zelf', 'tegen', 'na', 'reeds', 'wil', 'kon', 'niets', 'uw', 'iemand', 'geweest', 'andere']",0.9614401858304298
69,0.01,True,modified_huber,0.1,True,0.001,True,True,False,"(1, 1)","['de', 'en', 'van', 'ik', 'te', 'dat', 'die', 'in', 'een', 'hij', 'het', 'niet', 'zijn', 'is', 'was', 'op', 'aan', 'met', 'als', 'voor', 'had', 'er', 'maar', 'om', 'hem', 'dan', 'zou', 'of', 'wat', 'mijn', 'men', 'dit', 'zo', 'door', 'over', 'ze', 'zich', 'bij', 'ook', 'tot', 'je', 'mij', 'uit', 'der', 'daar', 'haar', 'naar', 'heb', 'hoe', 'heeft', 'hebben', 'deze', 'u', 'want', 'nog', 'zal', 'me', 'zij', 'nu', 'ge', 'geen', 'omdat', 'iets', 'worden', 'toch', 'al', 'waren', 'veel', 'meer', 'doen', 'toen', 'moet', 'ben', 'zonder', 'kan', 'hun', 'dus', 'alles', 'onder', 'ja', 'eens', 'hier', 'wie', 'werd', 'altijd', 'doch', 'wordt', 'wezen', 'kunnen', 'ons', 'zelf', 'tegen', 'na', 'reeds', 'wil', 'kon', 'niets', 'uw', 'iemand', 'geweest', 'andere']",0.9422764227642277
70,0.001,True,epsilon_insensitive,0.1,True,0.01,True,True,False,"(1, 1)","['de', 'en', 'van', 'ik', 'te', 'dat', 'die', 'in', 'een', 'hij', 'het', 'niet', 'zijn', 'is', 'was', 'op', 'aan', 'met', 'als', 'voor', 'had', 'er', 'maar', 'om', 'hem', 'dan', 'zou', 'of', 'wat', 'mijn', 'men', 'dit', 'zo', 'door', 'over', 'ze', 'zich', 'bij', 'ook', 'tot', 'je', 'mij', 'uit', 'der', 'daar', 'haar', 'naar', 'heb', 'hoe', 'heeft', 'hebben', 'deze', 'u', 'want', 'nog', 'zal', 'me', 'zij', 'nu', 'ge', 'geen', 'omdat', 'iets', 'worden', 'toch', 'al', 'waren', 'veel', 'meer', 'doen', 'toen', 'moet', 'ben', 'zonder', 'kan', 'hun', 'dus', 'alles', 'onder', 'ja', 'eens', 'hier', 'wie', 'werd', 'altijd', 'doch', 'wordt', 'wezen', 'kunnen', 'ons', 'zelf', 'tegen', 'na', 'reeds', 'wil', 'kon', 'niets', 'uw', 'iemand', 'geweest', 'andere']",0.9614401858304298
71,0.01,True,hinge,0.1,True,0.0001,True,False,False,"(1, 1)","['de', 'en', 'van', 'ik', 'te', 'dat', 'die', 'in', 'een', 'hij', 'het', 'niet', 'zijn', 'is', 'was', 'op', 'aan', 'met', 'als', 'voor', 'had', 'er', 'maar', 'om', 'hem', 'dan', 'zou', 'of', 'wat', 'mijn', 'men', 'dit', 'zo', 'door', 'over', 'ze', 'zich', 'bij', 'ook', 'tot', 'je', 'mij', 'uit', 'der', 'daar', 'haar', 'naar', 'heb', 'hoe', 'heeft', 'hebben', 'deze', 'u', 'want', 'nog', 'zal', 'me', 'zij', 'nu', 'ge', 'geen', 'omdat', 'iets', 'worden', 'toch', 'al', 'waren', 'veel', 'meer', 'doen', 'toen', 'moet', 'ben', 'zonder', 'kan', 'hun', 'dus', 'alles', 'onder', 'ja', 'eens', 'hier', 'wie', 'werd', 'altijd', 'doch', 'wordt', 'wezen', 'kunnen', 'ons', 'zelf', 'tegen', 'na', 'reeds', 'wil', 'kon', 'niets', 'uw', 'iemand', 'geweest', 'andere']",0.9567944250871081
72,0.01,True,epsilon_insensitive,0.1,True,0.0001,True,True,False,"(1, 1)","['de', 'en', 'van', 'ik', 'te', 'dat', 'die', 'in', 'een', 'hij', 'het', 'niet', 'zijn', 'is', 'was', 'op', 'aan', 'met', 'als', 'voor', 'had', 'er', 'maar', 'om', 'hem', 'dan', 'zou', 'of', 'wat', 'mijn', 'men', 'dit', 'zo', 'door', 'over', 'ze', 'zich', 'bij', 'ook', 'tot', 'je', 'mij', 'uit', 'der', 'daar', 'haar', 'naar', 'heb', 'hoe', 'heeft', 'hebben', 'deze', 'u', 'want', 'nog', 'zal', 'me', 'zij', 'nu', 'ge', 'geen', 'omdat', 'iets', 'worden', 'toch', 'al', 'waren', 'veel', 'meer', 'doen', 'toen', 'moet', 'ben', 'zonder', 'kan', 'hun', 'dus', 'alles', 'onder', 'ja', 'eens', 'hier', 'wie', 'werd', 'altijd', 'doch', 'wordt', 'wezen', 'kunnen', 'ons', 'zelf', 'tegen', 'na', 'reeds', 'wil', 'kon', 'niets', 'uw', 'iemand', 'geweest', 'andere']",0.9471544715447153
73,0.001,True,perceptron,0.1,False,0.001,True,False,False,"(1, 1)","['de', 'en', 'van', 'ik', 'te', 'dat', 'die', 'in', 'een', 'hij', 'het', 'niet', 'zijn', 'is', 'was', 'op', 'aan', 'met', 'als', 'voor', 'had', 'er', 'maar', 'om', 'hem', 'dan', 'zou', 'of', 'wat', 'mijn', 'men', 'dit', 'zo', 'door', 'over', 'ze', 'zich', 'bij', 'ook', 'tot', 'je', 'mij', 'uit', 'der', 'daar', 'haar', 'naar', 'heb', 'hoe', 'heeft', 'hebben', 'deze', 'u', 'want', 'nog', 'zal', 'me', 'zij', 'nu', 'ge', 'geen', 'omdat', 'iets', 'worden', 'toch', 'al', 'waren', 'veel', 'meer', 'doen', 'toen', 'moet', 'ben', 'zonder', 'kan', 'hun', 'dus', 'alles', 'onder', 'ja', 'eens', 'hier', 'wie', 'werd', 'altijd', 'doch', 'wordt', 'wezen', 'kunnen', 'ons', 'zelf', 'tegen', 'na', 'reeds', 'wil', 'kon', 'niets', 'uw', 'iemand', 'geweest', 'andere']",0.9518002322880372
74,0.01,True,modified_huber,0.1,True,1.0,True,True,False,"(1, 2)","['de', 'en', 'van', 'ik', 'te', 'dat', 'die', 'in', 'een', 'hij', 'het', 'niet', 'zijn', 'is', 'was', 'op', 'aan', 'met', 'als', 'voor', 'had', 'er', 'maar', 'om', 'hem', 'dan', 'zou', 'of', 'wat', 'mijn', 'men', 'dit', 'zo', 'door', 'over', 'ze', 'zich', 'bij', 'ook', 'tot', 'je', 'mij', 'uit', 'der', 'daar', 'haar', 'naar', 'heb', 'hoe', 'heeft', 'hebben', 'deze', 'u', 'want', 'nog', 'zal', 'me', 'zij', 'nu', 'ge', 'geen', 'omdat', 'iets', 'worden', 'toch', 'al', 'waren', 'veel', 'meer', 'doen', 'toen', 'moet', 'ben', 'zonder', 'kan', 'hun', 'dus', 'alles', 'onder', 'ja', 'eens', 'hier', 'wie', 'werd', 'altijd', 'doch', 'wordt', 'wezen', 'kunnen', 'ons', 'zelf', 'tegen', 'na', 'reeds', 'wil', 'kon', 'niets', 'uw', 'iemand', 'geweest', 'andere']",0.956910569105691
75,0.1,True,perceptron,0.1,False,0.001,True,True,False,"(1, 1)","['de', 'en', 'van', 'ik', 'te', 'dat', 'die', 'in', 'een', 'hij', 'het', 'niet', 'zijn', 'is', 'was', 'op', 'aan', 'met', 'als', 'voor', 'had', 'er', 'maar', 'om', 'hem', 'dan', 'zou', 'of', 'wat', 'mijn', 'men', 'dit', 'zo', 'door', 'over', 'ze', 'zich', 'bij', 'ook', 'tot', 'je', 'mij', 'uit', 'der', 'daar', 'haar', 'naar', 'heb', 'hoe', 'heeft', 'hebben', 'deze', 'u', 'want', 'nog', 'zal', 'me', 'zij', 'nu', 'ge', 'geen', 'omdat', 'iets', 'worden', 'toch', 'al', 'waren', 'veel', 'meer', 'doen', 'toen', 'moet', 'ben', 'zonder', 'kan', 'hun', 'dus', 'alles', 'onder', 'ja', 'eens', 'hier', 'wie', 'werd', 'altijd', 'doch', 'wordt', 'wezen', 'kunnen', 'ons', 'zelf', 'tegen', 'na', 'reeds', 'wil', 'kon', 'niets', 'uw', 'iemand', 'geweest', 'andere']",0.9469221835075494
76,0.001,True,modified_huber,0.1,True,0.001,True,False,False,"(1, 1)","['de', 'en', 'van', 'ik', 'te', 'dat', 'die', 'in', 'een', 'hij', 'het', 'niet', 'zijn', 'is', 'was', 'op', 'aan', 'met', 'als', 'voor', 'had', 'er', 'maar', 'om', 'hem', 'dan', 'zou', 'of', 'wat', 'mijn', 'men', 'dit', 'zo', 'door', 'over', 'ze', 'zich', 'bij', 'ook', 'tot', 'je', 'mij', 'uit', 'der', 'daar', 'haar', 'naar', 'heb', 'hoe', 'heeft', 'hebben', 'deze', 'u', 'want', 'nog', 'zal', 'me', 'zij', 'nu', 'ge', 'geen', 'omdat', 'iets', 'worden', 'toch', 'al', 'waren', 'veel', 'meer', 'doen', 'toen', 'moet', 'ben', 'zonder', 'kan', 'hun', 'dus', 'alles', 'onder', 'ja', 'eens', 'hier', 'wie', 'werd', 'altijd', 'doch', 'wordt', 'wezen', 'kunnen', 'ons', 'zelf', 'tegen', 'na', 'reeds', 'wil', 'kon', 'niets', 'uw', 'iemand', 'geweest', 'andere']",0.9615563298490128
77,0.001,True,epsilon_insensitive,0.1,True,0.0001,True,True,False,"(1, 1)","['de', 'en', 'van', 'ik', 'te', 'dat', 'die', 'in', 'een', 'hij', 'het', 'niet', 'zijn', 'is', 'was', 'op', 'aan', 'met', 'als', 'voor', 'had', 'er', 'maar', 'om', 'hem', 'dan', 'zou', 'of', 'wat', 'mijn', 'men', 'dit', 'zo', 'door', 'over', 'ze', 'zich', 'bij', 'ook', 'tot', 'je', 'mij', 'uit', 'der', 'daar', 'haar', 'naar', 'heb', 'hoe', 'heeft', 'hebben', 'deze', 'u', 'want', 'nog', 'zal', 'me', 'zij', 'nu', 'ge', 'geen', 'omdat', 'iets', 'worden', 'toch', 'al', 'waren', 'veel', 'meer', 'doen', 'toen', 'moet', 'ben', 'zonder', 'kan', 'hun', 'dus', 'alles', 'onder', 'ja', 'eens', 'hier', 'wie', 'werd', 'altijd', 'doch', 'wordt', 'wezen', 'kunnen', 'ons', 'zelf', 'tegen', 'na', 'reeds', 'wil', 'kon', 'niets', 'uw', 'iemand', 'geweest', 'andere']",0.9759581881533101
78,0.001,True,epsilon_insensitive,0.1,True,0.01,True,False,False,"(1, 1)","['de', 'en', 'van', 'ik', 'te', 'dat', 'die', 'in', 'een', 'hij', 'het', 'niet', 'zijn', 'is', 'was', 'op', 'aan', 'met', 'als', 'voor', 'had', 'er', 'maar', 'om', 'hem', 'dan', 'zou', 'of', 'wat', 'mijn', 'men', 'dit', 'zo', 'door', 'over', 'ze', 'zich', 'bij', 'ook', 'tot', 'je', 'mij', 'uit', 'der', 'daar', 'haar', 'naar', 'heb', 'hoe', 'heeft', 'hebben', 'deze', 'u', 'want', 'nog', 'zal', 'me', 'zij', 'nu', 'ge', 'geen', 'omdat', 'iets', 'worden', 'toch', 'al', 'waren', 'veel', 'meer', 'doen', 'toen', 'moet', 'ben', 'zonder', 'kan', 'hun', 'dus', 'alles', 'onder', 'ja', 'eens', 'hier', 'wie', 'werd', 'altijd', 'doch', 'wordt', 'wezen', 'kunnen', 'ons', 'zelf', 'tegen', 'na', 'reeds', 'wil', 'kon', 'niets', 'uw', 'iemand', 'geweest', 'andere']",0.956678281068525
79,0.001,True,epsilon_insensitive,0.1,True,0.001,True,True,False,"(1, 1)","['de', 'en', 'van', 'ik', 'te', 'dat', 'die', 'in', 'een', 'hij', 'het', 'niet', 'zijn', 'is', 'was', 'op', 'aan', 'met', 'als', 'voor', 'had', 'er', 'maar', 'om', 'hem', 'dan', 'zou', 'of', 'wat', 'mijn', 'men', 'dit', 'zo', 'door', 'over', 'ze', 'zich', 'bij', 'ook', 'tot', 'je', 'mij', 'uit', 'der', 'daar', 'haar', 'naar', 'heb', 'hoe', 'heeft', 'hebben', 'deze', 'u', 'want', 'nog', 'zal', 'me', 'zij', 'nu', 'ge', 'geen', 'omdat', 'iets', 'worden', 'toch', 'al', 'waren', 'veel', 'meer', 'doen', 'toen', 'moet', 'ben', 'zonder', 'kan', 'hun', 'dus', 'alles', 'onder', 'ja', 'eens', 'hier', 'wie', 'werd', 'altijd', 'doch', 'wordt', 'wezen', 'kunnen', 'ons', 'zelf', 'tegen', 'na', 'reeds', 'wil', 'kon', 'niets', 'uw', 'iemand', 'geweest', 'andere']",0.9519163763066201
80,0.001,True,epsilon_insensitive,0.1,True,0.01,True,True,False,"(1, 1)","['de', 'en', 'van', 'ik', 'te', 'dat', 'die', 'in', 'een', 'hij', 'het', 'niet', 'zijn', 'is', 'was', 'op', 'aan', 'met', 'als', 'voor', 'had', 'er', 'maar', 'om', 'hem', 'dan', 'zou', 'of', 'wat', 'mijn', 'men', 'dit', 'zo', 'door', 'over', 'ze', 'zich', 'bij', 'ook', 'tot', 'je', 'mij', 'uit', 'der', 'daar', 'haar', 'naar', 'heb', 'hoe', 'heeft', 'hebben', 'deze', 'u', 'want', 'nog', 'zal', 'me', 'zij', 'nu', 'ge', 'geen', 'omdat', 'iets', 'worden', 'toch', 'al', 'waren', 'veel', 'meer', 'doen', 'toen', 'moet', 'ben', 'zonder', 'kan', 'hun', 'dus', 'alles', 'onder', 'ja', 'eens', 'hier', 'wie', 'werd', 'altijd', 'doch', 'wordt', 'wezen', 'kunnen', 'ons', 'zelf', 'tegen', 'na', 'reeds', 'wil', 'kon', 'niets', 'uw', 'iemand', 'geweest', 'andere']",0.9663182346109176
81,0.1,True,perceptron,0.1,False,1.0,True,True,False,"(1, 1)","['de', 'en', 'van', 'ik', 'te', 'dat', 'die', 'in', 'een', 'hij', 'het', 'niet', 'zijn', 'is', 'was', 'op', 'aan', 'met', 'als', 'voor', 'had', 'er', 'maar', 'om', 'hem', 'dan', 'zou', 'of', 'wat', 'mijn', 'men', 'dit', 'zo', 'door', 'over', 'ze', 'zich', 'bij', 'ook', 'tot', 'je', 'mij', 'uit', 'der', 'daar', 'haar', 'naar', 'heb', 'hoe', 'heeft', 'hebben', 'deze', 'u', 'want', 'nog', 'zal', 'me', 'zij', 'nu', 'ge', 'geen', 'omdat', 'iets', 'worden', 'toch', 'al', 'waren', 'veel', 'meer', 'doen', 'toen', 'moet', 'ben', 'zonder', 'kan', 'hun', 'dus', 'alles', 'onder', 'ja', 'eens', 'hier', 'wie', 'werd', 'altijd', 'doch', 'wordt', 'wezen', 'kunnen', 'ons', 'zelf', 'tegen', 'na', 'reeds', 'wil', 'kon', 'niets', 'uw', 'iemand', 'geweest', 'andere']",0.956562137049942
82,0.001,True,epsilon_insensitive,0.1,True,0.01,True,True,False,"(1, 1)","['de', 'en', 'van', 'ik', 'te', 'dat', 'die', 'in', 'een', 'hij', 'het', 'niet', 'zijn', 'is', 'was', 'op', 'aan', 'met', 'als', 'voor', 'had', 'er', 'maar', 'om', 'hem', 'dan', 'zou', 'of', 'wat', 'mijn', 'men', 'dit', 'zo', 'door', 'over', 'ze', 'zich', 'bij', 'ook', 'tot', 'je', 'mij', 'uit', 'der', 'daar', 'haar', 'naar', 'heb', 'hoe', 'heeft', 'hebben', 'deze', 'u', 'want', 'nog', 'zal', 'me', 'zij', 'nu', 'ge', 'geen', 'omdat', 'iets', 'worden', 'toch', 'al', 'waren', 'veel', 'meer', 'doen', 'toen', 'moet', 'ben', 'zonder', 'kan', 'hun', 'dus', 'alles', 'onder', 'ja', 'eens', 'hier', 'wie', 'werd', 'altijd', 'doch', 'wordt', 'wezen', 'kunnen', 'ons', 'zelf', 'tegen', 'na', 'reeds', 'wil', 'kon', 'niets', 'uw', 'iemand', 'geweest', 'andere']",0.9616724738675957
83,0.001,True,epsilon_insensitive,0.1,False,0.01,True,True,False,"(1, 1)","['de', 'en', 'van', 'ik', 'te', 'dat', 'die', 'in', 'een', 'hij', 'het', 'niet', 'zijn', 'is', 'was', 'op', 'aan', 'met', 'als', 'voor', 'had', 'er', 'maar', 'om', 'hem', 'dan', 'zou', 'of', 'wat', 'mijn', 'men', 'dit', 'zo', 'door', 'over', 'ze', 'zich', 'bij', 'ook', 'tot', 'je', 'mij', 'uit', 'der', 'daar', 'haar', 'naar', 'heb', 'hoe', 'heeft', 'hebben', 'deze', 'u', 'want', 'nog', 'zal', 'me', 'zij', 'nu', 'ge', 'geen', 'omdat', 'iets', 'worden', 'toch', 'al', 'waren', 'veel', 'meer', 'doen', 'toen', 'moet', 'ben', 'zonder', 'kan', 'hun', 'dus', 'alles', 'onder', 'ja', 'eens', 'hier', 'wie', 'werd', 'altijd', 'doch', 'wordt', 'wezen', 'kunnen', 'ons', 'zelf', 'tegen', 'na', 'reeds', 'wil', 'kon', 'niets', 'uw', 'iemand', 'geweest', 'andere']",0.9613240418118467
84,0.001,True,epsilon_insensitive,0.1,True,0.001,True,True,False,"(1, 1)","['de', 'en', 'van', 'ik', 'te', 'dat', 'die', 'in', 'een', 'hij', 'het', 'niet', 'zijn', 'is', 'was', 'op', 'aan', 'met', 'als', 'voor', 'had', 'er', 'maar', 'om', 'hem', 'dan', 'zou', 'of', 'wat', 'mijn', 'men', 'dit', 'zo', 'door', 'over', 'ze', 'zich', 'bij', 'ook', 'tot', 'je', 'mij', 'uit', 'der', 'daar', 'haar', 'naar', 'heb', 'hoe', 'heeft', 'hebben', 'deze', 'u', 'want', 'nog', 'zal', 'me', 'zij', 'nu', 'ge', 'geen', 'omdat', 'iets', 'worden', 'toch', 'al', 'waren', 'veel', 'meer', 'doen', 'toen', 'moet', 'ben', 'zonder', 'kan', 'hun', 'dus', 'alles', 'onder', 'ja', 'eens', 'hier', 'wie', 'werd', 'altijd', 'doch', 'wordt', 'wezen', 'kunnen', 'ons', 'zelf', 'tegen', 'na', 'reeds', 'wil', 'kon', 'niets', 'uw', 'iemand', 'geweest', 'andere']",0.9710801393728221
85,0.01,True,perceptron,0.1,False,0.0001,True,True,False,"(1, 1)","['de', 'en', 'van', 'ik', 'te', 'dat', 'die', 'in', 'een', 'hij', 'het', 'niet', 'zijn', 'is', 'was', 'op', 'aan', 'met', 'als', 'voor', 'had', 'er', 'maar', 'om', 'hem', 'dan', 'zou', 'of', 'wat', 'mijn', 'men', 'dit', 'zo', 'door', 'over', 'ze', 'zich', 'bij', 'ook', 'tot', 'je', 'mij', 'uit', 'der', 'daar', 'haar', 'naar', 'heb', 'hoe', 'heeft', 'hebben', 'deze', 'u', 'want', 'nog', 'zal', 'me', 'zij', 'nu', 'ge', 'geen', 'omdat', 'iets', 'worden', 'toch', 'al', 'waren', 'veel', 'meer', 'doen', 'toen', 'moet', 'ben', 'zonder', 'kan', 'hun', 'dus', 'alles', 'onder', 'ja', 'eens', 'hier', 'wie', 'werd', 'altijd', 'doch', 'wordt', 'wezen', 'kunnen', 'ons', 'zelf', 'tegen', 'na', 'reeds', 'wil', 'kon', 'niets', 'uw', 'iemand', 'geweest', 'andere']",0.9564459930313589
86,0.001,True,epsilon_insensitive,0.1,True,0.0001,True,False,False,"(1, 1)","['de', 'en', 'van', 'ik', 'te', 'dat', 'die', 'in', 'een', 'hij', 'het', 'niet', 'zijn', 'is', 'was', 'op', 'aan', 'met', 'als', 'voor', 'had', 'er', 'maar', 'om', 'hem', 'dan', 'zou', 'of', 'wat', 'mijn', 'men', 'dit', 'zo', 'door', 'over', 'ze', 'zich', 'bij', 'ook', 'tot', 'je', 'mij', 'uit', 'der', 'daar', 'haar', 'naar', 'heb', 'hoe', 'heeft', 'hebben', 'deze', 'u', 'want', 'nog', 'zal', 'me', 'zij', 'nu', 'ge', 'geen', 'omdat', 'iets', 'worden', 'toch', 'al', 'waren', 'veel', 'meer', 'doen', 'toen', 'moet', 'ben', 'zonder', 'kan', 'hun', 'dus', 'alles', 'onder', 'ja', 'eens', 'hier', 'wie', 'werd', 'altijd', 'doch', 'wordt', 'wezen', 'kunnen', 'ons', 'zelf', 'tegen', 'na', 'reeds', 'wil', 'kon', 'niets', 'uw', 'iemand', 'geweest', 'andere']",0.9616724738675959
87,0.001,True,epsilon_insensitive,0.1,True,0.0001,True,False,False,"(1, 1)","['de', 'en', 'van', 'ik', 'te', 'dat', 'die', 'in', 'een', 'hij', 'het', 'niet', 'zijn', 'is', 'was', 'op', 'aan', 'met', 'als', 'voor', 'had', 'er', 'maar', 'om', 'hem', 'dan', 'zou', 'of', 'wat', 'mijn', 'men', 'dit', 'zo', 'door', 'over', 'ze', 'zich', 'bij', 'ook', 'tot', 'je', 'mij', 'uit', 'der', 'daar', 'haar', 'naar', 'heb', 'hoe', 'heeft', 'hebben', 'deze', 'u', 'want', 'nog', 'zal', 'me', 'zij', 'nu', 'ge', 'geen', 'omdat', 'iets', 'worden', 'toch', 'al', 'waren', 'veel', 'meer', 'doen', 'toen', 'moet', 'ben', 'zonder', 'kan', 'hun', 'dus', 'alles', 'onder', 'ja', 'eens', 'hier', 'wie', 'werd', 'altijd', 'doch', 'wordt', 'wezen', 'kunnen', 'ons', 'zelf', 'tegen', 'na', 'reeds', 'wil', 'kon', 'niets', 'uw', 'iemand', 'geweest', 'andere']",0.937514518002323
88,0.001,True,modified_huber,0.1,False,1.0,True,True,False,"(1, 1)","['de', 'en', 'van', 'ik', 'te', 'dat', 'die', 'in', 'een', 'hij', 'het', 'niet', 'zijn', 'is', 'was', 'op', 'aan', 'met', 'als', 'voor', 'had', 'er', 'maar', 'om', 'hem', 'dan', 'zou', 'of', 'wat', 'mijn', 'men', 'dit', 'zo', 'door', 'over', 'ze', 'zich', 'bij', 'ook', 'tot', 'je', 'mij', 'uit', 'der', 'daar', 'haar', 'naar', 'heb', 'hoe', 'heeft', 'hebben', 'deze', 'u', 'want', 'nog', 'zal', 'me', 'zij', 'nu', 'ge', 'geen', 'omdat', 'iets', 'worden', 'toch', 'al', 'waren', 'veel', 'meer', 'doen', 'toen', 'moet', 'ben', 'zonder', 'kan', 'hun', 'dus', 'alles', 'onder', 'ja', 'eens', 'hier', 'wie', 'werd', 'altijd', 'doch', 'wordt', 'wezen', 'kunnen', 'ons', 'zelf', 'tegen', 'na', 'reeds', 'wil', 'kon', 'niets', 'uw', 'iemand', 'geweest', 'andere']",0.932752613240418
89,0.001,True,modified_huber,0.1,False,0.1,True,False,False,"(1, 1)","['de', 'en', 'van', 'ik', 'te', 'dat', 'die', 'in', 'een', 'hij', 'het', 'niet', 'zijn', 'is', 'was', 'op', 'aan', 'met', 'als', 'voor', 'had', 'er', 'maar', 'om', 'hem', 'dan', 'zou', 'of', 'wat', 'mijn', 'men', 'dit', 'zo', 'door', 'over', 'ze', 'zich', 'bij', 'ook', 'tot', 'je', 'mij', 'uit', 'der', 'daar', 'haar', 'naar', 'heb', 'hoe', 'heeft', 'hebben', 'deze', 'u', 'want', 'nog', 'zal', 'me', 'zij', 'nu', 'ge', 'geen', 'omdat', 'iets', 'worden', 'toch', 'al', 'waren', 'veel', 'meer', 'doen', 'toen', 'moet', 'ben', 'zonder', 'kan', 'hun', 'dus', 'alles', 'onder', 'ja', 'eens', 'hier', 'wie', 'werd', 'altijd', 'doch', 'wordt', 'wezen', 'kunnen', 'ons', 'zelf', 'tegen', 'na', 'reeds', 'wil', 'kon', 'niets', 'uw', 'iemand', 'geweest', 'andere']",0.976074332171893
90,0.01,True,modified_huber,0.1,True,1.0,True,True,False,"(1, 1)","['de', 'en', 'van', 'ik', 'te', 'dat', 'die', 'in', 'een', 'hij', 'het', 'niet', 'zijn', 'is', 'was', 'op', 'aan', 'met', 'als', 'voor', 'had', 'er', 'maar', 'om', 'hem', 'dan', 'zou', 'of', 'wat', 'mijn', 'men', 'dit', 'zo', 'door', 'over', 'ze', 'zich', 'bij', 'ook', 'tot', 'je', 'mij', 'uit', 'der', 'daar', 'haar', 'naar', 'heb', 'hoe', 'heeft', 'hebben', 'deze', 'u', 'want', 'nog', 'zal', 'me', 'zij', 'nu', 'ge', 'geen', 'omdat', 'iets', 'worden', 'toch', 'al', 'waren', 'veel', 'meer', 'doen', 'toen', 'moet', 'ben', 'zonder', 'kan', 'hun', 'dus', 'alles', 'onder', 'ja', 'eens', 'hier', 'wie', 'werd', 'altijd', 'doch', 'wordt', 'wezen', 'kunnen', 'ons', 'zelf', 'tegen', 'na', 'reeds', 'wil', 'kon', 'niets', 'uw', 'iemand', 'geweest', 'andere']",0.956678281068525
91,0.01,True,perceptron,0.1,False,1.0,True,False,False,"(1, 2)","['de', 'en', 'van', 'ik', 'te', 'dat', 'die', 'in', 'een', 'hij', 'het', 'niet', 'zijn', 'is', 'was', 'op', 'aan', 'met', 'als', 'voor', 'had', 'er', 'maar', 'om', 'hem', 'dan', 'zou', 'of', 'wat', 'mijn', 'men', 'dit', 'zo', 'door', 'over', 'ze', 'zich', 'bij', 'ook', 'tot', 'je', 'mij', 'uit', 'der', 'daar', 'haar', 'naar', 'heb', 'hoe', 'heeft', 'hebben', 'deze', 'u', 'want', 'nog', 'zal', 'me', 'zij', 'nu', 'ge', 'geen', 'omdat', 'iets', 'worden', 'toch', 'al', 'waren', 'veel', 'meer', 'doen', 'toen', 'moet', 'ben', 'zonder', 'kan', 'hun', 'dus', 'alles', 'onder', 'ja', 'eens', 'hier', 'wie', 'werd', 'altijd', 'doch', 'wordt', 'wezen', 'kunnen', 'ons', 'zelf', 'tegen', 'na', 'reeds', 'wil', 'kon', 'niets', 'uw', 'iemand', 'geweest', 'andere']",0.9468060394889664
92,0.001,True,epsilon_insensitive,0.1,True,0.01,True,True,False,"(1, 1)","['de', 'en', 'van', 'ik', 'te', 'dat', 'die', 'in', 'een', 'hij', 'het', 'niet', 'zijn', 'is', 'was', 'op', 'aan', 'met', 'als', 'voor', 'had', 'er', 'maar', 'om', 'hem', 'dan', 'zou', 'of', 'wat', 'mijn', 'men', 'dit', 'zo', 'door', 'over', 'ze', 'zich', 'bij', 'ook', 'tot', 'je', 'mij', 'uit', 'der', 'daar', 'haar', 'naar', 'heb', 'hoe', 'heeft', 'hebben', 'deze', 'u', 'want', 'nog', 'zal', 'me', 'zij', 'nu', 'ge', 'geen', 'omdat', 'iets', 'worden', 'toch', 'al', 'waren', 'veel', 'meer', 'doen', 'toen', 'moet', 'ben', 'zonder', 'kan', 'hun', 'dus', 'alles', 'onder', 'ja', 'eens', 'hier', 'wie', 'werd', 'altijd', 'doch', 'wordt', 'wezen', 'kunnen', 'ons', 'zelf', 'tegen', 'na', 'reeds', 'wil', 'kon', 'niets', 'uw', 'iemand', 'geweest', 'andere']",0.975725900116144
93,0.01,True,perceptron,0.1,False,0.0001,True,True,False,"(1, 1)","['de', 'en', 'van', 'ik', 'te', 'dat', 'die', 'in', 'een', 'hij', 'het', 'niet', 'zijn', 'is', 'was', 'op', 'aan', 'met', 'als', 'voor', 'had', 'er', 'maar', 'om', 'hem', 'dan', 'zou', 'of', 'wat', 'mijn', 'men', 'dit', 'zo', 'door', 'over', 'ze', 'zich', 'bij', 'ook', 'tot', 'je', 'mij', 'uit', 'der', 'daar', 'haar', 'naar', 'heb', 'hoe', 'heeft', 'hebben', 'deze', 'u', 'want', 'nog', 'zal', 'me', 'zij', 'nu', 'ge', 'geen', 'omdat', 'iets', 'worden', 'toch', 'al', 'waren', 'veel', 'meer', 'doen', 'toen', 'moet', 'ben', 'zonder', 'kan', 'hun', 'dus', 'alles', 'onder', 'ja', 'eens', 'hier', 'wie', 'werd', 'altijd', 'doch', 'wordt', 'wezen', 'kunnen', 'ons', 'zelf', 'tegen', 'na', 'reeds', 'wil', 'kon', 'niets', 'uw', 'iemand', 'geweest', 'andere']",0.9614401858304298
94,0.001,True,hinge,0.1,True,0.01,True,False,False,"(1, 1)","['de', 'en', 'van', 'ik', 'te', 'dat', 'die', 'in', 'een', 'hij', 'het', 'niet', 'zijn', 'is', 'was', 'op', 'aan', 'met', 'als', 'voor', 'had', 'er', 'maar', 'om', 'hem', 'dan', 'zou', 'of', 'wat', 'mijn', 'men', 'dit', 'zo', 'door', 'over', 'ze', 'zich', 'bij', 'ook', 'tot', 'je', 'mij', 'uit', 'der', 'daar', 'haar', 'naar', 'heb', 'hoe', 'heeft', 'hebben', 'deze', 'u', 'want', 'nog', 'zal', 'me', 'zij', 'nu', 'ge', 'geen', 'omdat', 'iets', 'worden', 'toch', 'al', 'waren', 'veel', 'meer', 'doen', 'toen', 'moet', 'ben', 'zonder', 'kan', 'hun', 'dus', 'alles', 'onder', 'ja', 'eens', 'hier', 'wie', 'werd', 'altijd', 'doch', 'wordt', 'wezen', 'kunnen', 'ons', 'zelf', 'tegen', 'na', 'reeds', 'wil', 'kon', 'niets', 'uw', 'iemand', 'geweest', 'andere']",0.957026713124274
95,0.01,True,modified_huber,0.1,True,1.0,True,True,False,"(1, 1)","['de', 'en', 'van', 'ik', 'te', 'dat', 'die', 'in', 'een', 'hij', 'het', 'niet', 'zijn', 'is', 'was', 'op', 'aan', 'met', 'als', 'voor', 'had', 'er', 'maar', 'om', 'hem', 'dan', 'zou', 'of', 'wat', 'mijn', 'men', 'dit', 'zo', 'door', 'over', 'ze', 'zich', 'bij', 'ook', 'tot', 'je', 'mij', 'uit', 'der', 'daar', 'haar', 'naar', 'heb', 'hoe', 'heeft', 'hebben', 'deze', 'u', 'want', 'nog', 'zal', 'me', 'zij', 'nu', 'ge', 'geen', 'omdat', 'iets', 'worden', 'toch', 'al', 'waren', 'veel', 'meer', 'doen', 'toen', 'moet', 'ben', 'zonder', 'kan', 'hun', 'dus', 'alles', 'onder', 'ja', 'eens', 'hier', 'wie', 'werd', 'altijd', 'doch', 'wordt', 'wezen', 'kunnen', 'ons', 'zelf', 'tegen', 'na', 'reeds', 'wil', 'kon', 'niets', 'uw', 'iemand', 'geweest', 'andere']",0.976074332171893
96,0.001,True,epsilon_insensitive,0.1,True,0.001,True,True,False,"(1, 1)","['de', 'en', 'van', 'ik', 'te', 'dat', 'die', 'in', 'een', 'hij', 'het', 'niet', 'zijn', 'is', 'was', 'op', 'aan', 'met', 'als', 'voor', 'had', 'er', 'maar', 'om', 'hem', 'dan', 'zou', 'of', 'wat', 'mijn', 'men', 'dit', 'zo', 'door', 'over', 'ze', 'zich', 'bij', 'ook', 'tot', 'je', 'mij', 'uit', 'der', 'daar', 'haar', 'naar', 'heb', 'hoe', 'heeft', 'hebben', 'deze', 'u', 'want', 'nog', 'zal', 'me', 'zij', 'nu', 'ge', 'geen', 'omdat', 'iets', 'worden', 'toch', 'al', 'waren', 'veel', 'meer', 'doen', 'toen', 'moet', 'ben', 'zonder', 'kan', 'hun', 'dus', 'alles', 'onder', 'ja', 'eens', 'hier', 'wie', 'werd', 'altijd', 'doch', 'wordt', 'wezen', 'kunnen', 'ons', 'zelf', 'tegen', 'na', 'reeds', 'wil', 'kon', 'niets', 'uw', 'iemand', 'geweest', 'andere']",0.9806039488966318
97,0.01,True,perceptron,0.1,False,0.0001,True,True,False,"(1, 1)","['de', 'en', 'van', 'ik', 'te', 'dat', 'die', 'in', 'een', 'hij', 'het', 'niet', 'zijn', 'is', 'was', 'op', 'aan', 'met', 'als', 'voor', 'had', 'er', 'maar', 'om', 'hem', 'dan', 'zou', 'of', 'wat', 'mijn', 'men', 'dit', 'zo', 'door', 'over', 'ze', 'zich', 'bij', 'ook', 'tot', 'je', 'mij', 'uit', 'der', 'daar', 'haar', 'naar', 'heb', 'hoe', 'heeft', 'hebben', 'deze', 'u', 'want', 'nog', 'zal', 'me', 'zij', 'nu', 'ge', 'geen', 'omdat', 'iets', 'worden', 'toch', 'al', 'waren', 'veel', 'meer', 'doen', 'toen', 'moet', 'ben', 'zonder', 'kan', 'hun', 'dus', 'alles', 'onder', 'ja', 'eens', 'hier', 'wie', 'werd', 'altijd', 'doch', 'wordt', 'wezen', 'kunnen', 'ons', 'zelf', 'tegen', 'na', 'reeds', 'wil', 'kon', 'niets', 'uw', 'iemand', 'geweest', 'andere']",0.9515679442508711
98,0.001,True,hinge,0.1,True,0.001,True,False,False,"(1, 1)","['de', 'en', 'van', 'ik', 'te', 'dat', 'die', 'in', 'een', 'hij', 'het', 'niet', 'zijn', 'is', 'was', 'op', 'aan', 'met', 'als', 'voor', 'had', 'er', 'maar', 'om', 'hem', 'dan', 'zou', 'of', 'wat', 'mijn', 'men', 'dit', 'zo', 'door', 'over', 'ze', 'zich', 'bij', 'ook', 'tot', 'je', 'mij', 'uit', 'der', 'daar', 'haar', 'naar', 'heb', 'hoe', 'heeft', 'hebben', 'deze', 'u', 'want', 'nog', 'zal', 'me', 'zij', 'nu', 'ge', 'geen', 'omdat', 'iets', 'worden', 'toch', 'al', 'waren', 'veel', 'meer', 'doen', 'toen', 'moet', 'ben', 'zonder', 'kan', 'hun', 'dus', 'alles', 'onder', 'ja', 'eens', 'hier', 'wie', 'werd', 'altijd', 'doch', 'wordt', 'wezen', 'kunnen', 'ons', 'zelf', 'tegen', 'na', 'reeds', 'wil', 'kon', 'niets', 'uw', 'iemand', 'geweest', 'andere']",0.9613240418118467
99,0.001,True,epsilon_insensitive,0.1,True,0.01,True,False,False,"(1, 1)","['de', 'en', 'van', 'ik', 'te', 'dat', 'die', 'in', 'een', 'hij', 'het', 'niet', 'zijn', 'is', 'was', 'op', 'aan', 'met', 'als', 'voor', 'had', 'er', 'maar', 'om', 'hem', 'dan', 'zou', 'of', 'wat', 'mijn', 'men', 'dit', 'zo', 'door', 'over', 'ze', 'zich', 'bij', 'ook', 'tot', 'je', 'mij', 'uit', 'der', 'daar', 'haar', 'naar', 'heb', 'hoe', 'heeft', 'hebben', 'deze', 'u', 'want', 'nog', 'zal', 'me', 'zij', 'nu', 'ge', 'geen', 'omdat', 'iets', 'worden', 'toch', 'al', 'waren', 'veel', 'meer', 'doen', 'toen', 'moet', 'ben', 'zonder', 'kan', 'hun', 'dus', 'alles', 'onder', 'ja', 'eens', 'hier', 'wie', 'werd', 'altijd', 'doch', 'wordt', 'wezen', 'kunnen', 'ons', 'zelf', 'tegen', 'na', 'reeds', 'wil', 'kon', 'niets', 'uw', 'iemand', 'geweest', 'andere']",0.9614401858304298
